CTO:static:1;ADFGV;CTO:X;CTO:X \ Ciphers \ ADFGVX;1) Classic Ciphers
CTO:static:2+JCT:static:3+JCT:static:4+JCT:static:5+JCT:static:6+JCT:static:7+JCT:static:8+JCT:static:9+JCT:static:10+JCT:static:11+JCT:static:12+JCT:static:13+JCT:static:14+CT1:static:5+CT1:static:6+CT2:static:10+CT2:static:11+CT2:static:12+CT2:static:13+CT2:static:14+CT2:static:15+CT2:static:16+CT2:static:17+CT2:static:18+CT2:static:19+CT2:static:20+CT2:static:21+CT2:static:22+CT2:static:23+CT2:static:24+CT2:static:25+CT2:static:26;AES;CTO:X\JCT:D\CT1:X\CT2:C\CT2:T;CTO:X \ Highlights \ AES <br /> JCT:D \ Block Ciphers \ Block Ciphers \ Rijndael \ AES128_CBC (OID: 2.16.840.1.101.3.4.1.2) <br /> JCT:D \ Block Ciphers \ Block Ciphers \ Rijndael \ AES128_CFB (OID: 2.16.840.1.101.3.4.1.4) <br /> JCT:D \ Block Ciphers \ Block Ciphers \ Rijndael \ AES128_ECB (OID: 2.16.840.1.101.3.4.1.1) <br /> JCT:D \ Block Ciphers \ Block Ciphers \ Rijndael \ AES128_OFB (OID: 2.16.840.1.101.3.4.1.3) <br /> JCT:D \ Block Ciphers \ Block Ciphers \ Rijndael \ AES192_CBC (OID: 2.16.840.1.101.3.4.1.22) <br /> JCT:D \ Block Ciphers \ Block Ciphers \ Rijndael \ AES192_CFB (OID: 2.16.840.1.101.3.4.1.24) <br /> JCT:D \ Block Ciphers \ Block Ciphers \ Rijndael \ AES192_ECB (OID: 2.16.840.1.101.3.4.1.21) <br /> JCT:D \ Block Ciphers \ Block Ciphers \ Rijndael \ AES192_OFB (OID: 2.16.840.1.101.3.4.1.23) <br /> JCT:D \ Block Ciphers \ Block Ciphers \ Rijndael \ AES256_CBC (OID: 2.16.840.1.101.3.4.1.42) <br /> JCT:D \ Block Ciphers \ Block Ciphers \ Rijndael \ AES256_ECB (OID: 2.16.840.1.101.3.4.1.41) <br /> JCT:D \ Block Ciphers \ Block Ciphers \ Rijndael \ AES256_CFB (OID: 2.16.840.1.101.3.4.1.44) <br /> JCT:D \ Block Ciphers \ Block Ciphers \ Rijndael \ AES256_CFB (OID: 2.16.840.1.101.3.4.1.43) <br /> CT1:X \ Encrypt \ Decrypt \ Symmetric (modern) \ AES (CBC)... <br /> CT1:X \ Encrypt \ Decrypt \ Symmetric (modern) \ AES (self extracting)… <br /> CT2:C \ Modern Ciphers \ Symmetric \ AES <br /> CT2:T \ Codes \ AES (CBC) with PKCS#5 and IV, output as QR Code <br /> CT2:T \ Codes \ QR Code Encryption <br /> CT2:T \ Cryptanalysis \ Modern \ AES Analysis using Entropy (1) <br /> CT2:T \ Cryptanalysis \ Modern \ AES Known-Plaintext Analysis (1) <br /> CT2:T \ Cryptanalysis \ Modern \ CBC-Attack <br /> CT2:T \ Cryptanalysis \ Modern \ AES Analysis using Entropy (2) <br /> CT2:T \ Cryptanalysis \ Modern \ AES Known-Plaintext Analysis (2) <br /> CT2:T \ Cryptanalysis \ Modern \ Padding Oracle Attack on AES <br /> CT2:T \ Cryptography \ Modern \ Asymmetric \ Cramer-Shoup with AES <br /> CT2:T \ Cryptography \ Modern \ Symmetric \ AES Cipher with SHA hashes <br /> CT2:T \ Cryptography \ Modern \ Symmetric \ AES encryption with implicit conversion <br /> CT2:T \ Cryptography \ Modern \ Symmetric \ AES Cipher (File Input) <br /> CT2:T \ Cryptography \ Modern \ Symmetric \ AES with PKCS#5 <br /> CT2:T \ Cryptography \ Modern \ Symmetric \ AES (CBC) with PKCS#5 and IV <br /> CT2:T \ Cryptography \ Modern \ Symmetric \ AES (ECB) with PKCS#5 <br /> CT2:T \ Cryptography \ Modern \ Symmetric \ AES Cipher (Text Input);2) Modern Ciphers
CTO:static:3;Affine Cipher;CTO:X;CTO:X \ Ciphers \ Multiplicative;1) Classic Ciphers
CTO:static:4;Alberti;CTO:X;CTO:X \ Ciphers \ Alberti;1) Classic Ciphers
CTO:static:5;AMSCO;CTO:X;CTO:X \ Ciphers \ AMSCO;1) Classic Ciphers
CTO:static:6+CT2:static:35;ASCII;CTO:X\CT2:W;CTO:X \ Codings \ ASCII <br /> CT2:W \ Codes \ Encoding;9) Codings
CTO:static:7+CT1:static:13+CT2:static:36;Autocorrelation;CTO:X\CT1:X\CT2:C;CTO:X \ Cryptanalysis \ Autocorrelation <br /> CT1:X \ Analysis \ Tools for Analysis \ Autocorrelation <br /> CT2:C \ Cryptanalysis \ Generic \ Autocorrelation;6) Classic Cryptanalysis
CTO:static:8;Autokey Analysis;CTO:X;CTO:X \ Cryptanalysis \ Break Autokey;6) Classic Cryptanalysis
CTO:static:9+JCT:static:17;Autokey Vigenère;CTO:X\JCT:D;CTO:X \ Ciphers \ Autokey <br /> JCT:D \ Algorithms \ Classic \ Autokey Vigenère;1) Classic Ciphers
CTO:static:10;Bacon;CTO:X;CTO:X \ Codings \ Bacon;9) Codings
CTO:static:11;Barcode Generator;CTO:X;CTO:X \ Codings \ Barcode Generator;9) Codings
CTO:static:12+CT1:static:14+CT2:static:44;Base 64 Decode;CTO:X\CT1:X\CT2:W;CTO:X \ Codings \ Base64 <br /> CT1:X \ Indiv. Procedures \ Tools \ Codes \ Base64 Encode \ Decode \ Base64 Decode <br /> CT2:W \ Codes \ Encoding;9) Codings
CTO:static:13+CT1:static:15+CT2:static:45;Base 64 Encode;CTO:X\CT1:X\CT2:W;CTO:X \ Codings \ Base64 <br /> CT1:X \ Indiv. Procedures \ Tools \ Codes \ Base64 Encode \ Decode \ Base64 Encode <br /> CT2:W \ Codes \ Encoding;9) Codings
CTO:static:14;Beaufort;CTO:X;CTO:X \ Ciphers \ Beaufort;1) Classic Ciphers
CTO:static:15+JCT:static:18;Bifid;CTO:X\JCT:D;CTO:X \ Ciphers \ Bifid <br /> JCT:D \ Algorithms \ Classic \ Bifid;1) Classic Ciphers
CTO:static:16+JCT:static:20+CT1:static:18+CT2:static:72+CT2:static:73+CT2:static:74;Caesar;CTO:X\JCT:D\CT1:X\CT2:C\CT2:T\CT2:W;CTO:X \ Ciphers \ Caesar \ Rot-13 <br /> JCT:D \ Algorithms \ Classic \ Caesar <br /> CT1:X \ Encrypt \ Decrypt \ Symmetric (classic) \ Caesar \ Rot-13… <br /> CT2:C \ Classic Ciphers \ Caesar <br /> CT2:T \ Cryptography \ Classical \ Caesar Cipher <br /> CT2:W \ Encryption \ Decryption \ Classic Encryption \ Decryption \ Caesar;1) Classic Ciphers
CTO:static:17;Code 39;CTO:X;CTO:X \ Codings \ Code39;9) Codings
CTO:static:18;Distributed AES Analysis;CTO:X;CTO:X \ Cryptanalysis \ Distributed AES Analysis;7) Modern Cryptanalysis
CTO:static:19+CT2:static:263+CT2:static:264+CT2:static:265+CT2:static:266+CT2:static:267;Enigma;CTO:X\CT2:C\CT2:T\CT2:W;CTO:X \ Ciphers \ Enigma <br /> CT2:C \ Classic Ciphers \ Enigma <br /> CT2:T \ Cryptanalysis \ Classical \ Enigma Analysis <br /> CT2:T \ Cryptography \ Classical \ Enigma Cipher Machine <br /> CT2:W \ Encryption \ Decryption \ Classic Encryption \ Decryption \ Enigma <br /> CT2:W \ Cryptanalysis \ Classic Encryption \ Enigma;1) Classic Ciphers
CTO:static:20;Four Square;CTO:X;CTO:X \ Ciphers \ Four-Square;1) Classic Ciphers
CTO:static:21;Freemason;CTO:X;CTO:X \ Ciphers \ Freemason;1) Classic Ciphers
CTO:static:22+JCT:static:84+CT1:static:51+CT1:static:52+CT2:static:284+CT2:static:285+CT2:static:286+CT2:static:287+CT2:static:288;Frequency Test;CTO:X\JCT:D\CT1:X\CT2:C\CT2:T;CTO:X \ Cryptanalysis \ Frequency Analysis <br /> JCT:D \ Analysis \ Frequency Analysis <br /> CT1:X \ Analysis \ Analyze Randomness \ Frequency Test... <br /> CT1:X \ Analysis \ Tools for Analysis \ Floating Frequency <br /> CT2:C \ Cryptanalysis \ Generic \ Frequency Test <br /> CT2:T \ Cryptanalysis \ Classical \ Caesar Analysis using character frequencies <br /> CT2:T \ Cryptanalysis \ Classical \ Enigma Analysis <br /> CT2:T \ Cryptanalysis \ Classical \ Frequency Analysis <br /> CT2:T \ Cryptanalysis \ Classical \ Statistic Tests for Classical Ciphers;6) Classic Cryptanalysis
CTO:static:23;Gronsfeld;CTO:X;CTO:X \ Ciphers \ Gronsfeld;1) Classic Ciphers
CTO:static:24+CT1:static:60+CT2:static:315+CT2:static:316;Hill;CTO:X\CT1:X\CT2:C\CT2:T;CTO:X \ Ciphers \ Hill <br /> CT1:X \ Encrypt \ Decrypt \ Symmetric (classic) \ Hill… <br /> CT2:C \ Classic Ciphers \ Hill Cipher <br /> CT2:T \ Cryptography \ Classical \ Hill Cipher;1) Classic Ciphers
CTO:static:25+CT1:static:64;Homophone;CTO:X\CT1:X;CTO:X \ Ciphers \ Homophonic <br /> CT1:X \ Encrypt \ Decrypt \ Symmetric (classic) \ Homophone…;1) Classic Ciphers
CTO:static:26+JCT:static:112+CT2:static:321+CT2:static:322+CT2:static:323+CT2:static:324;Huffman;CTO:X\JCT:D\CT2:C\CT2:T;CTO:X \ Codings \ Huffman <br /> JCT:D \ Visualizations \ Huffman Coding <br /> CT2:C \ Tools \ Misc \ Huffman <br /> CT2:T \ Tools \ Huffman's algorithm (ASCII) <br /> CT2:T \ Tools \ Huffman's algorithm (BMG, JPG) <br /> CT2:T \ Tools \ Huffman's algorithm (UTF-8);9) Codings
CTO:static:27;Kamasutra;CTO:X;CTO:X \ Ciphers \ Kamasutra;1) Classic Ciphers
CTO:static:28;Larrabee;CTO:X;CTO:X \ Ciphers \ Larrabee;1) Classic Ciphers
CTO:static:29+CT2:static:390+CT2:static:391+CT2:static:392;Morse Code;CTO:X\CT2:C\CT2:T\CT2:W;CTO:X \ Codings \ Morse code <br /> CT2:C \ Tools \ Misc \ Morse Code <br /> CT2:T \ Codes \ Morse code <br /> CT2:W \ Codes \ Morse code;9) Codings
CTO:static:30+CT1:static:76;N-Gram Analysis;CTO:X\CT1:X;CTO:X \ Cryptanalysis \ N-Gram Analysis <br /> CT1:X \ Analysis \ Tools for Analysis \ N-Gram…;6) Classic Cryptanalysis
CTO:static:31+CT2:static:393;Navajo;CTO:X\CT2:T;CTO:X \ Ciphers \ Navajo <br /> CT2:T \ Cryptography \ Classical \ Navajo Code;1) Classic Ciphers
CTO:static:32+CT2:static:396+CT2:static:397;Nihilist;CTO:X\CT2:C\CT2:T;CTO:X \ Ciphers \ Nihilist <br /> CT2:C \ Classic Ciphers \ Nihilist <br /> CT2:T \ Cryptography \ Classical \ Nihilist Cipher;1) Classic Ciphers
CTO:static:33+JCT:static:148+CT1:static:78;Number Shark;CTO:X\JCT:D\CT1:X;CTO:X \ Highlights \ Taxman <br /> JCT:D \ Games \ Number Shark <br /> CT1:X \ Indiv. Procedures \ Educational Games \ Number Shark;11) Games
CTO:static:34;Password Generator;CTO:X;CTO:X \ Highlights \ Password Generator;14) Tools
CTO:static:35+CT1:static:81+CT1:static:82+CT2:static:427+CT2:static:428+CT2:static:429+CT2:static:430;Password Quality Visualization;CTO:X\CT1:X\CT2:C\CT2:T\CT2:W;CTO:X \ Highlights \ Password Check <br /> CT1:X \ Indiv. Procedures \ Tools \ Password Quality Meter... <br /> CT1:X \ Indiv. Procedures \ Tools \ Password Entropy... <br /> CT2:C \ Tools \ Misc \ PasswordStrength <br /> CT2:T \ Tools \ Password Generator <br /> CT2:T \ Tools \ Check Password Strength <br /> CT2:W \ Tools \ Password Strength;10) Learning Aids and Visualizations
CTO:static:36+JCT:static:154+CT1:static:84+CT2:static:446+CT2:static:447+CT2:static:448;Playfair;CTO:X\JCT:D\CT1:X\CT2:C\CT2:T\CT2:W;CTO:X \ Ciphers \ Playfair <br /> JCT:D \ Algorithms \ Classic \ Playfair <br /> CT1:X \ Encrypt \ Decrypt \ Symmetric (classic) \ Playfair… <br /> CT2:C \ Classic Ciphers \ Playfair <br /> CT2:T \ Cryptography \ Classical \ Playfair Cipher <br /> CT2:W \ Encryption \ Decryption \ Classic Encryption \ Decryption \ Playfair;1) Classic Ciphers
CTO:static:37;Pollux;CTO:X;CTO:X \ Ciphers \ Pollux;1) Classic Ciphers
CTO:static:38;Polybius;CTO:X;CTO:X \ Ciphers \ Polybius;1) Classic Ciphers
CTO:static:39;Porta;CTO:X;CTO:X \ Ciphers \ Porta;1) Classic Ciphers
CTO:static:40+CT1:static:94;Rail Fence;CTO:X\CT1:X;CTO:X \ Ciphers \ Zigzag (Rail Fence) <br /> CT1:X \ Encrypt \ Decrypt \ Symmetric (classic) \ Scytale \ Rail Fence…;1) Classic Ciphers
CTO:static:41+JCT:static:165+CT1:static:103+CT2:static:482+CT2:static:483+CT2:static:484;Rot-13;CTO:X\JCT:D\CT1:X\CT2:C\CT2:T\CT2:W;CTO:X \ Ciphers \ Caesar \ Rot-13 <br /> JCT:D \ Algorithms \ Classic \ Caesar <br /> CT1:X \ Encrypt \ Decrypt \ Symmetric (classic) \ Caesar \ Rot-13… <br /> CT2:C \ Classic Ciphers \ Caesar <br /> CT2:T \ Cryptography \ Classical \ CaesarCipher <br /> CT2:W \ Start \ Encryption \ Decryption \ Classic Encryption \ Decryption \ Caesar;1) Classic Ciphers
CTO:static:42;Rotation;CTO:X;CTO:X \ Ciphers \ Rotation;1) Classic Ciphers
CTO:static:43+CT1:static:111+CT2:static:506+CT2:static:507+CT2:static:508+CT2:static:509+CT2:static:510;Scytale;CTO:X\CT1:X\CT2:C\CT2:T\CT2:W;CTO:X \ Ciphers \ Scytale <br /> CT1:X \ Encrypt \ Decrypt \ Symmetric (classic) \ Scytale \ Rail Fence… <br /> CT2:C \ Classic Ciphers \ Scytale <br /> CT2:T \ Cryptanalysis \ Classical \ Scytale Brute-force Analysis <br /> CT2:T \ Cryptography \ Classical \ Scytale Cipher <br /> CT2:W \ Encryption \ Decryption \ Classic Encryption \ Decryption \ Scytale <br /> CT2:W \ Cryptanalysis \ Classic Encryption \ Scytale;1) Classic Ciphers
CTO:static:44+JCT:static:219+CT1:static:126+CT2:static:555+CT2:static:556+CT2:static:557+CT2:static:558+CT2:static:559+CT2:static:560;Substitution;CTO:X\JCT:D\CT1:X\CT2:C\CT2:T\CT2:W;CTO:X \ Ciphers \ Monoalphabetic Substitution <br /> JCT:D \ Algorithms \ Classic \ Substitution <br /> CT1:X \ Encrypt \ Decrypt \ Symmetric (classic) \ Substitution \ Atbash… <br /> CT2:C \ Classic Ciphers \ Substitution <br /> CT2:T \ Cryptography \ Classical \ Navajo Code <br /> CT2:T \ Cryptography \ Classical \ Substitution Cipher <br /> CT2:T \ Cryptography \ Classical \ Substitution Cipher using a password <br /> CT2:T \ Tools \ Split a text <br /> CT2:W \ Encryption \ Decryption \ Classic Encryption \ Decryption \ Substitution;1) Classic Ciphers
CTO:static:45;Templar;CTO:X;CTO:X \ Ciphers \ Templar;1) Classic Ciphers
CTO:static:46+JCT:static:224+CT1:static:130+CT2:static:572+CT2:static:573;Transposition (Single Column);CTO:X\JCT:D\CT1:X\CT2:C\CT2:T;CTO:X \ Ciphers \ Transposition <br /> JCT:D \ Algorithms \ Classic \ Transposition <br /> CT1:X \ Encrypt \ Decrypt \ Symmetric (classic) \ Permutation \ Transposition… <br /> CT2:C \ Classic Ciphers \ Transposition <br /> CT2:T \ Cryptography \ Classical \ Transposition Cipher;1) Classic Ciphers
CTO:static:47;Trithemius;CTO:X;CTO:X \ Ciphers \ Trithemius;1) Classic Ciphers
CTO:static:48+JCT:static:233+CT1:static:140+CT2:static:588+CT2:static:589+CT2:static:590+CT2:static:591+CT2:static:592+CT2:static:593;Vigenère;CTO:X\JCT:D\CT1:X\CT2:C\CT2:T\CT2:W;CTO:X \ Ciphers \ Vigenère <br /> JCT:D \ Algorithms \ Classic \ Vigenère <br /> CT1:X \ Encrypt \ Decrypt \ Symmetric (classic) \ Vigenère… <br /> CT2:C \ Classic Ciphers \ Vigenère <br /> CT2:T \ Cryptanalysis \ Classical \ Statistic Tests for Classical Ciphers <br /> CT2:T \ Cryptanalysis \ Classical \ Vigenère Analysis <br /> CT2:T \ Cryptography \ Classical \ Vigenère Cipher <br /> CT2:W \ Encryption \ Decryption \ Classic Encryption \ Decryption \ Vigenère <br /> CT2:W \ Cryptanalysis \ Classic Encryption \ Vigenère;1) Classic Ciphers
CTO:static:49+JCT:static:234+CT1:static:141+CT1:static:142+CT2:static:594+CT2:static:595+CT2:static:596+CT2:static:597+CT2:static:598+CT2:static:599;Vigenère Analysis;CTO:X\JCT:D\CT1:X\CT2:C\CT2:T\CT2:W;CTO:X \ Cryptanalysis \ Break Vigenère <br /> JCT:D \ Analysis \ Vigenère Breaker <br /> CT1:X \ Analysis \ Symmetric Encryption (classic) \ Ciphertext-Only \ Vigenère <br /> CT1:X \ Analysis \ Symmetric Encryption (classic) \ Ciphertext-Only \ Vigenère (Analysis according to Schroedel)… <br /> CT2:C \ Cryptanalysis \ Specific \ Vigenère Analyzer <br /> CT2:T \ Cryptanalysis \ Classical \ Kryptos K1 Analysis <br /> CT2:T \ Cryptanalysis \ Classical \ Kryptos K2 Analysis <br /> CT2:W \ Cryptanalysis \ Classic Encryption \ Vigenère <br /> CT2:T \ Cryptanalysis \ Classical \ Statistic Tests for Classical Ciphers <br /> CT2:T \ Cryptanalysis \ Classical \ Vigenère Analysis;6) Classic Cryptanalysis
JCT:static:1+CT1:static:1+CT2:static:1;3DES;JCT:A\CT1:X\CT2:C;JCT:A \ Block Ciphers \ Block Ciphers \ DESede_CBC (OID: 1.2.840.113549.3.7) <br /> CT1:X \ Encrypt \ Decrypt \ Symmetric (modern) \ Triple DES… <br /> CT2:C \ Modern Ciphers \ Symmetric \ DES;2) Modern Ciphers
JCT:static:2+CT1:static:3+CT2:static:6+CT2:static:7+CT2:static:8+CT2:static:9;ADFGVX;JCT:D\CT1:X\CT2:C\CT2:T\CT2:W;JCT:D \ Algorithms \ Classic \ ADFGVX <br /> CT1:X \ Encrypt \ Decrypt \ Symmetric (classic) \ ADFGVX… <br /> CT2:C \ Classic Ciphers \ ADFGVX <br /> CT2:T \ Cryptanalysis \ Classical \ ADFGVX Cipher dictionary attack <br /> CT2:T \ Cryptography \ Classical \ ADFGVX Cipher <br /> CT2:W \ Encryption \ Decryption \ Classic Encryption \ Decryption \ ADFGVX;1) Classic Ciphers
JCT:static:15;Android Unlock Pattern (AUP) Visualization;JCT:D;JCT:D \ Visualizations \ Android Unlock Pattern (AUP);10) Learning Aids and Visualizations
JCT:static:16;Ant Colony Optimization Visualization;JCT:D;JCT:D \ Visualizations \ Ant Colony Optimization;10) Learning Aids and Visualizations
JCT:static:19;Blum Blum Shub (B.B.S.) (PRNG);JCT:A;JCT:A \ Pseudo Random Number Generators \ BBSRandom;5) Random Number Generators
JCT:static:21+JCT:static:22+JCT:static:23+CT2:static:79+CT2:static:80;Camellia;JCT:A\CT2:C\CT2:T;JCT:A \ Block Ciphers \ Block Ciphers \ Camellia128_CBC (OID: 1.2.392.200011.61.1.1.1.2) <br /> JCT:A \ Block Ciphers \ Block Ciphers \ Camellia192_CBC (OID: 1.2.392.200011.61.1.1.1.3) <br /> JCT:A \ Block Ciphers \ Block Ciphers \ Camellia256_CBC (OID: 1.2.392.200011.61.1.1.1.4) <br /> CT2:C \ Modern Ciphers \ Symmetric \ Camellia <br /> CT2:T \ Cryptography \ Modern \ Symmetric \ Camellia Cipher;2) Modern Ciphers
JCT:static:24+JCT:static:25+JCT:static:26+JCT:static:27+JCT:static:28+JCT:static:29+JCT:static:30+JCT:static:31+JCT:static:32+JCT:static:33+JCT:static:34+JCT:static:35+JCT:static:36;CBC MACs;JCT:A;JCT:A \ Message Authentication Codes \ Message Authentication Codes \ CBCmacAES128 <br /> JCT:A \ Message Authentication Codes \ Message Authentication Codes \ CBCmacAES192 <br /> JCT:A \ Message Authentication Codes \ Message Authentication Codes \ CBCmacAES256 <br /> JCT:A \ Message Authentication Codes \ Message Authentication Codes \ CBCmacCamellia <br /> JCT:A \ Message Authentication Codes \ Message Authentication Codes \ CBCmacDESede <br /> JCT:A \ Message Authentication Codes \ Message Authentication Codes \ CBCmacIDEA <br /> JCT:A \ Message Authentication Codes \ Message Authentication Codes \ CBCmacMARS <br /> JCT:A \ Message Authentication Codes \ Message Authentication Codes \ CBCmacMisty1 <br /> JCT:A \ Message Authentication Codes \ Message Authentication Codes \ CBCmacRC2 <br /> JCT:A \ Message Authentication Codes \ Message Authentication Codes \ CBCmacRC5 <br /> JCT:A \ Message Authentication Codes \ Message Authentication Codes \ CBCmacRC6 <br /> JCT:A \ Message Authentication Codes \ Message Authentication Codes \ CBCmacSAFER+ <br /> JCT:A \ Message Authentication Codes \ Message Authentication Codes \ ;3) Hash and MAC Algorithms
JCT:static:37;Certificate Verification;JCT:D;JCT:D \ Visualizations \ Certificate Verification;10) Learning Aids and Visualizations
JCT:static:38+CT1:static:21;Chinese Remainder Theorem Visualization;JCT:D\CT1:X;JCT:D \ Visualizations \ Chinese Remainder Theorem <br /> CT1:X \ Indiv. Procedures \ Chinese Remainder Theorem Applications \ ;10) Learning Aids and Visualizations
JCT:static:39+JCT:static:40+JCT:static:41+JCT:static:42;Cipher-Based MACs (CMAC);JCT:A;JCT:A \ Message Authentication Codes \ Message Authentication Codes \ CmacAES128 <br /> JCT:A \ Message Authentication Codes \ Message Authentication Codes \ CmacAES192 <br /> JCT:A \ Message Authentication Codes \ Message Authentication Codes \ CmacAES256 <br /> JCT:A \ Message Authentication Codes \ Message Authentication Codes \ CmacDESede;3) Hash and MAC Algorithms
JCT:static:43+JCT:static:44+JCT:static:45+JCT:static:46+JCT:static:47+JCT:static:48+JCT:static:49+JCT:static:50+JCT:static:51+JCT:static:52+JCT:static:53;CMSS;JCT:A;JCT:A \ Signatures \ Signatures \ CMSS (OID: 1.3.6.1.4.1.8301.3.1.3.2.6) <br /> JCT:A \ Signatures \ Signatures \ CMSSwithSHA1andWinternitzOTS_1 (OID: 1.3.6.1.4.1.8301.3.1.3.2.1) <br /> JCT:A \ Signatures \ Signatures \ CMSSwithSHA1andWinternitzOTS_2 (OID: 1.3.6.1.4.1.8301.3.1.3.2.2) <br /> JCT:A \ Signatures \ Signatures \ CMSSwithSHA1andWinternitzOTS_3 (OID: 1.3.6.1.4.1.8301.3.1.3.2.3) <br /> JCT:A \ Signatures \ Signatures \ CMSSwithSHA1andWinternitzOTS_4 (OID: 1.3.6.1.4.1.8301.3.1.3.2.4) <br /> JCT:A \ Signatures \ Signatures \ CMSSwithSHA256andWinternitzOTS_1 (OID: 1.3.6.1.4.1.8301.3.1.3.2.5) <br /> JCT:A \ Signatures \ Signatures \ CMSSwithSHA256andWinternitzOTS_3 (OID: 1.3.6.1.4.1.8301.3.1.3.2.7) <br /> JCT:A \ Signatures \ Signatures \ CMSSwithSHA256andWinternitzOTS_4 (OID: 1.3.6.1.4.1.8301.3.1.3.2.8) <br /> JCT:A \ Signatures \ Signatures \ CMSSwithSHA384andWinternitzOTS_1 (OID: 1.3.6.1.4.1.8301.3.1.3.2.9) <br /> JCT:A \ Signatures \ Signatures \ CMSSwithSHA384andWinternitzOTS_2 (OID: 1.3.6.1.4.1.8301.3.1.3.2.10) <br /> JCT:A \ Signatures \ Signatures \ CMSSwithSHA384andWinternitzOTS_3 (OID: 1.;4) Digital Signatures, PKI
JCT:static:54+JCT:static:55+CT2:static:82+CT2:static:83;Coin Flipping Protocol;JCT:C\JCT:T\CT2:C\CT2:T;JCT:C \ Protocols \ Coin Flipping <br /> JCT:T \ Protocols \ Coin Flipping Protocol <br /> CT2:C \ Protocols \ Coin Flipping <br /> CT2:T \ Protocols \ Coin Flipping Protocol;10) Learning Aids and Visualizations <br \>13) Protocols
JCT:static:56;DHA256;JCT:A;JCT:A \ Message Digests \ DHA256;3) Hash and MAC Algorithms
JCT:static:57;Differential Power Analysis Visualization;JCT:D;JCT:D \ Visualizations \ Differential Power Analysis \ Double and Add;10) Learning Aids and Visualizations
JCT:static:58+JCT:static:59+CT1:static:31+CT1:static:32;Diffie-Hellman Key Exchange (Perfect Forward Secrecy) Visualization;JCT:D\CT1:X;JCT:D \ Visualizations \ Diffie-Hellman Key Exchange (EC) <br /> JCT:D \ Visuals \ Diffie-Hellman Key Exchange (EC) <br /> CT1:X \ Indiv. Procedures \ Protocols \ Diffie-Hellman Demonstration…;10) Learning Aids and Visualizations <br \>13) Protocols
JCT:static:60+CT1:static:33+CT1:static:34;Digital Signatures Visualization;JCT:D\CT1:X;JCT:D \ Visualizations \ Signature Demonstration <br /> CT1:X \ Digital Signatures \ PKI \ Signature Demonstration (Signature Generation)… <br /> CT1:X \ Indiv. Procedures \ RSA Cryptosystem \ Signature Demonstration (Signature Generation)…;10) Learning Aids and Visualizations
JCT:static:61;Divider Game;JCT:D;JCT:D \ Games \ Divider Game;11) Games
JCT:static:62;Double Box;JCT:D;JCT:D \ Algorithms \ Classic \ Double Box;1) Classic Ciphers
JCT:static:63;Dragon;JCT:D;JCT:D \ Algorithms \ Symmetric \ Dragon;2) Modern Ciphers
JCT:static:64+CT1:static:36;DSA;JCT:A\CT1:X;JCT:A \ Signatures \ Signatures \ RAW \ DSA <br /> CT1:X \ Digital Signatures \ PKI \ Sign Document... \ DSA;4) Digital Signatures, PKI
JCT:static:65+JCT:static:66+JCT:static:67+JCT:static:68+JCT:static:69+JCT:static:70+CT1:static:38;ECDSA;JCT:A\CT1:X;JCT:A \ Signatures \ Signatures \ RawECDSA <br /> JCT:A \ Signatures \ Signatures \ SHA1 \ ECDSA (OID: 1.2.840.10045.4.1) <br /> JCT:A \ Signatures \ Signatures \ SHA224 \ ECDSA (OID: 1.2.840.10045.4.3.1) <br /> JCT:A \ Signatures \ Signatures \ SHA256 \ ECDSA (OID: 1.2.840.10045.4.3.2) <br /> JCT:A \ Signatures \ Signatures \ SHA384 \ ECDSA (OID: 1.2.840.10045.4.3.3) <br /> JCT:A \ Signatures \ Signatures \ SHA512 \ ECDSA (OID: 1.2.840.10045.4.3.4) <br /> CT1:X \ Digital Signatures \ PKI \ Sign Document... \ ECSP-DSA;4) Digital Signatures, PKI
JCT:static:71;ECIES;JCT:A;JCT:A \ Hybrid Ciphers \ ECIES;2) Modern Ciphers
JCT:static:72+CT1:static:39;ECNR;JCT:A\CT1:X;JCT:A \ Signatures \ SHA1 \ ECNR <br /> CT1:X \ Digital Signatures \ PKI \ Sign Document... \ ECSP-NR;4) Digital Signatures, PKI
JCT:static:73;ElGamal;JCT:A;JCT:A \ Asymmetric Block Ciphers \ ElGamal (OID: 1.3.14.7.2.1.1);2) Modern Ciphers
JCT:static:74;ElGamal Visualization;JCT:D;JCT:D \ Visualizations \ ElGamal Cryptosystem;10) Learning Aids and Visualizations
JCT:static:75;Elliptic Curve (PRNG);JCT:A;JCT:A \ Pseudo Random Number Generators \ ECPRNG;5) Random Number Generators
JCT:static:76+CT1:static:40;Elliptic Curve Calculations Visualization;JCT:D\CT1:X;JCT:D \ Visualizations \ Elliptic Curve Calculations <br /> CT1:X \ Indiv. Procedures \ Number Theory - Interactive \ Point Addition on Elliptic Curves…;10) Learning Aids and Visualizations
JCT:static:77+JCT:static:78;Enhanced RSA Crypto System (identities‚ multi-prime);JCT:D;JCT:D \ Visualizations \ RSA Cryptosystem <br /> JCT:D \ Visualizations \ Extended RSA Cryptosystem;2) Modern Ciphers
JCT:static:79+CT1:static:42+CT2:static:272;Entropy;JCT:D\CT1:X\CT2:C;JCT:D \ Analysis \ Entropy Analysis <br /> CT1:X \ Analysis \ Tools for Analysis \ Entropy <br /> CT2:C \ Cryptanalysis \ Generic \ Cost Function;6) Classic Cryptanalysis
JCT:static:80;"Extended Euclidian plus the method of mutual ""exhaustion"" (anthyphairesis = continually subtract the smaller from the larger) Visualization";JCT:D;JCT:D \ Visualizations \ Extended Euclidean \ Reciprocal Subtraction;10) Learning Aids and Visualizations
JCT:static:81;Feige Fiat Shamir Visualization;JCT:D;JCT:D \ Visualizations \ Feige Fiat Shamir;10) Learning Aids and Visualizations
JCT:static:82;Fiat Shamir Visualization;JCT:D;JCT:D \ Visualizations \ Fiat Shamir;10) Learning Aids and Visualizations
JCT:static:83;FORK-256;JCT:A;JCT:A \ Message Digests \ FORK256;3) Hash and MAC Algorithms
JCT:static:85+CT2:static:289+CT2:static:290+CT2:static:291;Friedman Test;JCT:D\CT2:C\CT2:T;JCT:D \ Analysis \ Friedman Test <br /> CT2:C \ Cryptanalysis \ Generic \ Friedman Test <br /> CT2:T \ Cryptanalysis \ Classical \ Enigma Analysis <br /> CT2:T \ Cryptanalysis \ Classical \ Statistic Tests for Classical Ciphers;6) Classic Cryptanalysis
JCT:static:86+JCT:static:87+JCT:static:88+JCT:static:89+JCT:static:90;GMSS;JCT:A;JCT:A \ Signatures \ Signatures \ GMSSwithSHA1 (OID: 1.3.6.1.4.1.8301.3.1.3.3.1) <br /> JCT:A \ Signatures \ Signatures \ GMSSwithSHA224 (OID: 1.3.6.1.4.1.8301.3.1.3.3.2) <br /> JCT:A \ Signatures \ Signatures \ GMSSwithSHA256 (OID: 1.3.6.1.4.1.8301.3.1.3.3.3) <br /> JCT:A \ Signatures \ Signatures \ GMSSwithSHA384 (OID: 1.3.6.1.4.1.8301.3.1.3.3.4) <br /> JCT:A \ Signatures \ Signatures \ GMSSwithSHA512 (OID: 1.3.6.1.4.1.8301.3.1.3.3.5);4) Digital Signatures, PKI
JCT:static:91;Graph Isomorphism Visualization;JCT:D;JCT:D \ Visualizations \ Graph Isomorphism;10) Learning Aids and Visualizations
JCT:static:92;Grille Visualization;JCT:D;JCT:D \ Visualizations \ Grille;10) Learning Aids and Visualizations
JCT:static:93+CT1:static:57;Hash Algorithms Visualization;JCT:D\CT1:X;JCT:D \ Visualizations \ Hash Sensitivity <br /> CT1:X \ Indiv Procedures \ Hash \ Hash Demonstration…;10) Learning Aids and Visualizations
JCT:static:94+JCT:static:95+JCT:static:96+JCT:static:97+CT1:static:59;Hash Value of a File;JCT:D\A\CT1:X;Hash \ MD5 <br /> Hash \ SHA <br /> Hash \ SHA3-Candidates <br /> Messages Digests \  <br /> CT1:X \ Indiv. Procedures \ Hash \ Hash Value of a File…;3) Hash and MAC Algorithms
JCT:static:98+JCT:static:99+JCT:static:100+JCT:static:101+JCT:static:102+JCT:static:103+JCT:static:104+JCT:static:105+JCT:static:106+JCT:static:107+JCT:static:108+JCT:static:109+JCT:static:110+CT1:static:63+CT2:static:317+CT2:static:318;HMACs;JCT:A\CT1:X\CT2:C\CT2:T;JCT:A \ Message Authentication Codes \ Message Authentication Codes \ Hmac (OID: 1.3.6.1.5.5.8.1.2) <br /> JCT:A \ Message Authentication Codes \ Message Authentication Codes \ HmacDHA256 <br /> JCT:A \ Message Authentication Codes \ Message Authentication Codes \ HmacFORK256 <br /> JCT:A \ Message Authentication Codes \ Message Authentication Codes \ HmacMD4 <br /> JCT:A \ Message Authentication Codes \ Message Authentication Codes \ HmacMD5 (OID: 1.3.6.1.5.5.8.1.1) <br /> JCT:A \ Message Authentication Codes \ Message Authentication Codes \ HmacRIPEMD128 <br /> JCT:A \ Message Authentication Codes \ Message Authentication Codes \ HmacRIPEMD160 (OID: 1.3.6.1.5.5.8.1.4) <br /> JCT:A \ Message Authentication Codes \ Message Authentication Codes \ HmacRIPEMD256 <br /> JCT:A \ Message Authentication Codes \ Message Authentication Codes \ HmacRIPEMD320 <br /> JCT:A \ Message Authentication Codes \ Message Authentication Codes \ HmacSHA224 <br /> JCT:A \ Message Authentication Codes \ Message Authentication Codes \ HmacSHA256 <br /> JCT:A \ Message Authentication Codes \ Message Authentication Codes \ HmacSHA384 <br /> JCT:A \ Message Authentication Codes \ Message Authentication Codes \ HmacSHA512 <br /> CT1:X \ Indiv. Procedures \ Hash \ Generation of HMACs… <br /> CT2:C \ Protocols \ HMAC <br /> CT2:T \ Hash Functions \ HMAC;3) Hash and MAC Algorithms
JCT:static:111+CT2:static:319+CT2:static:320;Homomorphic Encryption Visualization;JCT:D\CT2:C\CT2:T;JCT:D \ Visualizations \ Homomorphic Encryption <br /> CT2:C \ Modern Ciphers \ Asymmetric \ Paillier <br /> CT2:T \ Cryptography \ Modern \ Asymmetric \ Pailier*;10) Learning Aids and Visualizations
JCT:static:113+JCT:static:114+JCT:static:115+JCT:static:116+CT1:static:65;IDEA;JCT:D\CT1:X;JCT:D \ Block Ciphers \ Block Ciphers \ IDEA_ECB (OID: 1.3.6.1.4.1.188.7.1.1.1) <br /> JCT:D \ Block Ciphers \ Block Ciphers \ IDEA_CBC (OID: 1.3.6.1.4.1.188.7.1.1.2) <br /> JCT:D \ Block Ciphers \ Block Ciphers \ IDEA_CFB (OID: 1.3.6.1.4.1.188.7.1.1.3) <br /> JCT:D \ Block Ciphers \ Block Ciphers \ IDEA_OFB (OID: 1.3.6.1.4.1.188.7.1.1.4) <br /> CT1:X \ Encrypt \ Decrypt \ Symmetric (modern) \ IDEA…;2) Modern Ciphers
JCT:static:117;Inner States of the DES Visualization;JCT:D;JCT:D \ Visualizations \ Inner States of the Data Encryption Standard (DES);10) Learning Aids and Visualizations
JCT:static:118+JCT:static:119;IQDSA;JCT:A;JCT:A \ Signatures \ Signatures \ IQDSA (OID: 1.3.6.1.4.1.8301.3.1.1.2) <br /> JCT:A \ Signatures \ Signatures \ RIPEMD160withIQDSA (OID: 1.3.6.1.4.1.8301.3.1.1.3);4) Digital Signatures, PKI
JCT:static:120+JCT:static:121;IQGQ;JCT:A;JCT:A \ Signatures \ Signatures \ IQGQ (OID: 1.3.6.1.4.1.8301.3.1.1.5) <br /> JCT:A \ Signatures \ Signatures \ RIPEMD160withIQDSA (OID: 1.3.6.1.4.1.8301.3.1.1.3);4) Digital Signatures, PKI
JCT:static:122+JCT:static:123;IQRDSA;JCT:A;JCT:A \ Signatures \ Signatures \ IQRDSA (OID: 1.3.6.1.4.1.8301.3.1.1.8) <br /> JCT:A \ Signatures \ Signatures \ RIPEMD160withIQRDSA (OID: 1.3.6.1.4.1.8301.3.1.1.9);4) Digital Signatures, PKI
JCT:static:124;Kleptography Visualization;JCT:D;JCT:D \ Visualizations \ Kleptography;10) Learning Aids and Visualizations
JCT:static:125+CT2:static:351;Lattice-Based Attacks - Merkle-Hellman;JCT:D\CT2:N;JCT:D \ Visualizations \ Merkle-Hellman Knapsack Cryptosystem <br /> CT2:N \ Crypto tutorials \ Lattice-based cryptography \ Lattice-based cryptanalysis \ Merkle-Hellman Knapsack;10) Learning Aids and Visualizations
JCT:static:126+CT2:static:362+CT2:static:363;LFSR;JCT:D\CT2:C\CT2:T;JCT:D \ Algorithms \ Symmetric \ LFSR <br /> CT2:C \ Protocols \ LFSR <br /> CT2:T \ Mathematics \ Linear Feedback Shift Register (LFSR);2) Modern Ciphers
JCT:static:127;Magic Door Visualization;JCT:D;JCT:D \ Visualizations \ Magic Door;10) Learning Aids and Visualizations
JCT:static:128+CT1:static:71;MARS;JCT:A\CT1:X;JCT:A \ Block Ciphers \ MARS <br /> CT1:X \ Encrypt \ Decrypt \ Symmetric (modern) \ Further Algorithms \ MARS…;2) Modern Ciphers
JCT:static:129;McEliece Fujisaki;JCT:A;JCT:A \ Hybrid Ciphers \ McElieceFujisakiCipher (OID: 1.3.6.1.4.1.8301.3.1.3.4.2.1);2) Modern Ciphers
JCT:static:130;McEliece Kobara Imai;JCT:A;JCT:A \ Hybrid Ciphers \ McElieceKobaraImaiCipher (OID: 1.3.6.1.4.1.8301.3.1.3.4.2.3);2) Modern Ciphers
JCT:static:131;McEliece PKCS;JCT:A;JCT:A \ Asymmetric Block Ciphers \ McEliecePKCS (OID: 1.3.6.1.4.1.8301.3.1.3.4.1);2) Modern Ciphers
JCT:static:132;McEliece Pointcheval;JCT:A;JCT:A \ Hybrid Ciphers \ McEliecePointchevalCipher (OID: 1.3.6.1.4.1.8301.3.1.3.4.2.2);2) Modern Ciphers
JCT:static:133+CT1:static:74;MD4;JCT:A\CT1:X;JCT:A \ Message Digests \ MD4 (OID: 1.2.840.113549.2.4) <br /> CT1:X \ Indiv. Procedures \ Hash \ MD4;3) Hash and MAC Algorithms
JCT:static:134+CT1:static:75+CT2:static:374+CT2:static:375+CT2:static:376+CT2:static:377+CT2:static:378+CT2:static:379+CT2:static:380+CT2:static:381;MD5;JCT:D\CT1:X\CT2:C\CT2:T\CT2:W;JCT:D \ Message Digests \ MD5 (OID: 1.2.840.113549.2.5) <br /> CT1:X \ Indiv. Procedures \ Hash \ MD5 <br /> CT2:C \ Hash functions \ MD5 <br /> CT2:T \ Codes \ RSA signed QR code <br /> CT2:T \ Cryptography \ Modern \ Symmetric \ AES with PKCS#5 <br /> CT2:T \ Hash Functions \ HMAC <br /> CT2:T \ Hash Functions \ MD5 <br /> CT2:T \ Hash Functions \ MD5 Collision Finder <br /> CT2:T \ Hash Functions \ MD5 Salted Hash Comparison <br /> CT2:W \ Cryptanalysis \ Modern Encryption \ Hash Functions \ MD5;3) Hash and MAC Algorithms
JCT:static:135+JCT:static:136+JCT:static:137+JCT:static:138;Merkle OTS;JCT:A;JCT:A \ Signatures \ Signatures \ MerkleOTSwithSHA1 (OID: 1.3.6.1.4.1.8301.3.1.3.1.1.1) <br /> JCT:A \ Signatures \ Signatures \ MerkleOTSwithSHA256 (OID: 1.3.6.1.4.1.8301.3.1.3.1.1.2) <br /> JCT:A \ Signatures \ Signatures \ MerkleOTSwithSHA384 (OID: 1.3.6.1.4.1.8301.3.1.3.1.1.3) <br /> JCT:A \ Signatures \ Signatures \ MerkleOTSwithSHA512 (OID: 1.3.6.1.4.1.8301.3.1.3.1.1.4);4) Digital Signatures, PKI
JCT:static:139;Merkle Signature Scheme (MSS, XMSS, XMSS_XT);JCT:D;JCT:D \ Visualizations \ Merkle Signature Scheme (MerkleTree);10) Learning Aids and Visualizations
JCT:static:140+JCT:static:141;MeRSA;JCT:A;JCT:A \ Asymmetric Block Ciphers \ MeRSA <br /> JCT:A \ Signatures \ MeRSA;2) Modern Ciphers
JCT:static:142;Misty-1 (Kasumi);JCT:A;JCT:A \ Block Ciphers \ Misty1;2) Modern Ciphers
JCT:static:143+JCT:static:144;MpRSA;JCT:D;JCT:D \ Visualizations \ RSA Cryptosystem <br /> JCT:D \ Visualizations \ Extended RSA Cryptosystem;2) Modern Ciphers
JCT:static:145;Multipartite Key Exchange Visualization;JCT:D;JCT:D \ Visualizations \ Multipartite Key Exchange;10) Learning Aids and Visualizations
JCT:static:146;Niederreiter;JCT:A;JCT:A \ Asymmetric Block Ciphers \ Niederreiter;2) Modern Ciphers
JCT:static:147;Niederreiter CFS;JCT:A;JCT:A \ Signatures \ NiederreiterCFS (OID: 1.3.6.1.4.1.8301.3.1.3.4.3.2);4) Digital Signatures, PKI
JCT:static:149+JCT:static:150+JCT:static:151+JCT:static:152+JCT:static:153+CT2:static:438+CT2:static:439+CT2:static:440+CT2:static:441+CT2:static:442+CT2:static:443+CT2:static:444+CT2:static:445;PKCS#5;JCT:A\CT2:C\CT2:T;JCT:A \ Password-Based Ciphers \ PBES2 (OID: 1.2.840.113549.1.5.13) <br /> JCT:A \ Password-Based Ciphers \ PbeWithMD5AndDES_CBC (OID: 1.2.840.113549.1.5.3) <br /> JCT:A \ Password-Based Ciphers \ PbeWithSHA1AndDES_CBC (OID: 1.2.840.113549.1.5.10) <br /> JCT:A \ Password-Based Ciphers \ PbeWithSHAAnd3_KeyTripleDES_CBC (OID: 1.2.840.113549.1.12.1.3) <br /> JCT:A \ Password-Based Ciphers \ PbeWithSHAAnd40BitRC2_CBC (OID: 1.2.840.113549.1.12.1.6) <br /> CT2:C \ Hash functions \ PKCS#5 <br /> CT2:T \ Codes \ AES (CBC) with PKCS#5 and IV, output as QR Code <br /> CT2:T \ Codes \ QR Code Encryption <br /> CT2:T \ Cryptography \ Modern \ Symmetric \ AES with PKCS#5 <br /> CT2:T \ Cryptography \ Modern \ Symmetric \ AES (CBC) with PKCS#5 and IV <br /> CT2:T \ Cryptography \ Modern \ Symmetric \ AES (ECB) with PKCS#5 <br /> CT2:T \ Tools \ Simple Video and Audio Chat using AES encryption <br /> CT2:T \ Tools \ Diffie-Hellman AES Video Audio Chat;3) Hash and MAC Algorithms
JCT:static:155;Public-Key Infrastructure;JCT:D;JCT:D \ Visualizations \ Public-Key Infrastructure;10) Learning Aids and Visualizations
JCT:static:156+CT1:static:96+CT2:static:471+CT2:static:472+CT2:static:473+CT2:static:474;RC2;JCT:A\CT1:X\CT2:C\CT2:T\CT2:W;JCT:A \ Block Ciphers \ Block Ciphers \ RC2_CBC (OID: 1.2.840.113549.3.2) <br /> CT1:X \ Encrypt \ Decrypt \ Symmetric (modern) \ RC2… <br /> CT2:C \ Modern Ciphers \ Symmetric \ RC2 <br /> CT2:T \ Cryptanalysis \ Modern \ DES Analysis using Entropy <br /> CT2:T \ Cryptography \ Modern \ Symmetric \ RC2 Cipher <br /> CT2:W \ Encryption \ Decryption \ Modern Encryption \ Decryption \ Symmetric Encryption \ Decryption \ RC2;2) Modern Ciphers
JCT:static:157+CT1:static:98+CT2:static:476+CT2:static:477;RC4;JCT:D\CT1:X\CT2:C\CT2:T;JCT:D \ Algorithms \ Symmetric \ ARC4 \ Spritz <br /> CT1:X \ Encrypt \ Decrypt \ Symmetric (modern) \ RC4… <br /> CT2:C \ Modern Ciphers \ Symmetric \ RC4 <br /> CT2:T \ Cryptography \ Modern \ Symmetric \ RC4 Cipher;2) Modern Ciphers
JCT:static:158;RC4 / Spritz;JCT:D;JCT:D \ Visualizations \ ARC4 \ Spritz;10) Learning Aids and Visualizations
JCT:static:159;RC5;JCT:A;JCT:A \ Block Ciphers \ RC5;2) Modern Ciphers
JCT:static:160+CT1:static:100;RC6;JCT:D\A\CT1:X;Block Ciphers \ RC6 <br /> CT1:X \ Encrypt \ Decrypt \ Symmetric (modern) \ Further Algorithms \ RC6…;2) Modern Ciphers
JCT:static:161+JCT:static:162+JCT:static:163+JCT:static:164+CT1:static:102+CT2:static:480+CT2:static:481;RIPEMD-160;JCT:A\CT1:X\CT2:C\CT2:T;JCT:A \ Message Digests \ RIPEMD128 (OID: 1.3.36.3.2.2) <br /> JCT:A \ Message Digests \ RIPEMD160 (OID: 1.3.36.3.2.1) <br /> JCT:A \ Message Digests \ RIPEMD256 (OID: 1.3.36.3.2.3) <br /> JCT:A \ Message Digests \ RIPEMD320 <br /> CT1:X \ Indiv. Procedures \ Hash \ RIPEMD-160 <br /> CT2:C \ Hash functions \ RIPEMD160 <br /> CT2:T \ Hash Functions \ RIPEMD160;3) Hash and MAC Algorithms
JCT:static:166+JCT:static:167+JCT:static:168+JCT:static:169+JCT:static:170+JCT:static:171+JCT:static:172+JCT:static:173+JCT:static:174+JCT:static:175+JCT:static:176+JCT:static:177+JCT:static:178+JCT:static:179+JCT:static:180+JCT:static:181+JCT:static:182+JCT:static:183+JCT:static:184+CT1:static:104+CT1:static:105+CT2:static:485+CT2:static:486+CT2:static:487+CT2:static:488+CT2:static:489+CT2:static:490+CT2:static:491+CT2:static:492+CT2:static:493+CT2:static:494+CT2:static:495+CT2:static:496+CT2:static:497+CT2:static:498+CT2:static:499;RSA;JCT:A\CT1:X\CT2:C\CT2:T\CT2:W;JCT:A \ Asymmetric Block Ciphers \ RSA (OID: 1.2.840.113549.1.1.1) <br /> JCT:A \ Asymmetric Block Ciphers \ RbRSA (OID: 1.2.840.113549.1.1.7) <br /> JCT:A \ Asymmetric Block Ciphers \ RprimeRSA <br /> JCT:A \ Signatures \ Signatures \ MD5 \ RSA \ RAW <br /> JCT:A \ Signatures \ Signatures \ MD5withRSA (OID: 1.2.840.113549.1.1.4) <br /> JCT:A \ Signatures \ Signatures \ RIPEMD160 \ RSA (OID: 1.3.36.3.3.1.2) <br /> JCT:A \ Signatures \ Signatures \ RIPEMD160 \ RSA \ RAW <br /> JCT:A \ Signatures \ Signatures \ SHA1 \ RSA (OID: 1.2.840.113549.1.1.5) <br /> JCT:A \ Signatures \ Signatures \ SHA1 \ RSA \ RAW <br /> JCT:A \ Signatures \ Signatures \ SHA224 \ RSA (OID: 1.2.840.113549.1.1.14) <br /> JCT:A \ Signatures \ Signatures \ SHA224 \ RSA \ RAW <br /> JCT:A \ Signatures \ Signatures \ SHA256 \ RSA \ RAW <br /> JCT:A \ Signatures \ Signatures \ SHA256withRSA (OID: 1.2.840.113549.1.1.11) <br /> JCT:A \ Signatures \ Signatures \ SHA384 \ RSA \ RAW <br /> JCT:A \ Signatures \ Signatures \ SHA384withRSA (OID: 1.2.840.113549.1.1.12) <br /> JCT:A \ Signatures \ Signatures \ SHA512 \ RSA \ RAW <br /> JCT:A \ Signatures \ Signatures \ SHA512withRSA (OID: 1.2.840.113549.1.1.13) <br /> JCT:A \ Signatures \ RbRSA (OID: 1.2.840.113549.1.1.10) <br /> JCT:A \ Signatures \ RprimeRSA <br /> CT1:X \ Encrypt \ Decrypt \ Asymmetric \ RSA  <br /> CT1:X \ Indiv. Procedures \ RSA Cryptosystem \  <br /> CT2:C \ Modern Ciphers \ Asymmetric \ RSA <br /> CT2:T \ Codes \ RSA signed QR code <br /> CT2:T \ Cryptography \ Modern \ Asymmetric \ RSA Cipher <br /> CT2:T \ Cryptography \ Modern \ Asymmetric \ RSA Decryption <br /> CT2:T \ Cryptography \ Modern \ Asymmetric \ RSA Encryption <br /> CT2:T \ Protocols \ Yao's Millionaire Problem <br /> CT2:W \ Cryptanalysis \ Modern Encryption \ Asymmetric Encryption \ RSA <br /> CT2:W \ Encryption \ Decryption \ Modern Encryption \ Decryption \ Asymmetric Encryption \ Decryption \ RSA \ RSA Decryption <br /> CT2:W \ Encryption \ Decryption \ Modern Encryption \ Decryption \ Asymmetric Encryption \ Decryption \ RSA \ RSA Encryption <br /> CT2:C \ Modern Ciphers \ Asymmetric \ RSA Key Generator <br /> CT2:T \ Cryptography \ Modern \ Asymmetric \ RSA Key Generator <br /> CT2:T \ Protocols \ Oblivious Transfer Protocol (1 out of n);2) Modern Ciphers <br \>4) Digital Signatures, PKI
JCT:static:185+JCT:static:186+CT1:static:108;RSA Visualization;JCT:D\CT1:X;JCT:D \ Visualizations \ RSA Cryptosystem <br /> JCT:D \ Visualizations \ Extended RSA Cryptosystem <br /> CT1:X \ Indiv. Procedures \ RSA Cryptosystem \ ;10) Learning Aids and Visualizations
JCT:static:187;RSASSA-PSS;JCT:A;JCT:A \ Algorithms \ Signatures \ RSASSA-PSS;4) Digital Signatures, PKI
JCT:static:188;SAFER+;JCT:A;JCT:A \ Block Ciphers \ SAFER+;2) Modern Ciphers
JCT:static:189;SAFER++;JCT:A;JCT:A \ Block Ciphers \ SAFER++;2) Modern Ciphers
JCT:static:190+JCT:static:191+JCT:static:192+JCT:static:193+JCT:static:194+JCT:static:195+JCT:static:196+JCT:static:197+JCT:static:198+JCT:static:199+JCT:static:200+JCT:static:201+CT1:static:116;Serpent;JCT:A\CT1:X;JCT:A \ Block Ciphers \ Block Ciphers \ Serpent128_CBC (OID: 1.3.6.1.4.1.11591.13.2.2) <br /> JCT:A \ Block Ciphers \ Block Ciphers \ Serpent128_CFB (OID: 1.3.6.1.4.1.11591.13.2.4) <br /> JCT:A \ Block Ciphers \ Block Ciphers \ Serpent128_ECB (OID: 1.3.6.1.4.1.11591.13.2.1) <br /> JCT:A \ Block Ciphers \ Block Ciphers \ Serpent128_OFB (OID: 1.3.6.1.4.1.11591.13.2.3) <br /> JCT:A \ Block Ciphers \ Block Ciphers \ Serpent192_CBC (OID: 1.3.6.1.4.1.11591.13.2.22) <br /> JCT:A \ Block Ciphers \ Block Ciphers \ Serpent192_CFB (OID: 1.3.6.1.4.1.11591.13.2.24) <br /> JCT:A \ Block Ciphers \ Block Ciphers \ Serpent192_ECB (OID: 1.3.6.1.4.1.11591.13.2.21) <br /> JCT:A \ Block Ciphers \ Block Ciphers \ Serpent192_OFB (OID: 1.3.6.1.4.1.11591.13.2.23) <br /> JCT:A \ Block Ciphers \ Block Ciphers \ Serpent256_CBC (OID: 1.3.6.1.4.1.11591.13.2.42) <br /> JCT:A \ Block Ciphers \ Block Ciphers \ Serpent256_CFB (OID: 1.3.6.1.4.1.11591.13.2.44) <br /> JCT:A \ Block Ciphers \ Block Ciphers \ Serpent256_ECB (OID: 1.3.6.1.4.1.11591.13.2.41) <br /> JCT:A \ Block Ciphers \ Block Ciphers \ Serpent256_OFB (OID: 1.3.6.1.4.1.11591.13.2.43) <br /> CT1:X \ Encrypt \ Decrypt \ Symmetric (modern) \ Further Algorithms \ Serpent…;2) Modern Ciphers
JCT:static:202+CT2:static:516+CT2:static:517+CT2:static:518+CT2:static:519+CT2:static:520+CT2:static:521+CT2:static:522+CT2:static:523+CT2:static:524+CT2:static:525;SHA;JCT:D\CT2:C\CT2:T;JCT:D \ Algorithms \ Hash \ SHA <br /> CT2:C \ Hash functions \ SHA <br /> CT2:T \ Hash Functions \ SHA-1 Collision <br /> CT2:T \ Hash Functions \ SHA-1 <br /> CT2:T \ Cryptography \ Modern \ Symmetric \ AES Cipher with SHA hashes <br /> CT2:T \ Hash Functions \ Dictionary Attack <br /> CT2:T \ Hash Functions \ PBKDF-1 (PKCS#5 2.0) <br /> CT2:T \ Protocols \ Coin Flipping Protocol <br /> CT2:T \ Hash Functions \ SHA-256 <br /> CT2:T \ Tools \ Password Generator <br /> CT2:T \ Tools \ Simple AES Chat;3) Hash and MAC Algorithms
JCT:static:203;SHA with DSA;JCT:A;JCT:A \ Signatures \ Signatures \ SHAwithDSA (OID: 1.3.14.3.2.13);4) Digital Signatures, PKI
JCT:static:204+CT1:static:118+CT2:static:526;SHA-1;JCT:D\CT1:X\CT2:C;JCT:D \ Message Digests \ SHA1 (OID: 1.3.14.3.2.26) <br /> CT1:X \ Indiv. Procedures \ Hash \ SHA-1 <br /> CT2:C \ Hash functions \ SHA;3) Hash and MAC Algorithms
JCT:static:205;SHA-1 (PRNG);JCT:A;JCT:A \ Pseudo Random Number Generators \ SHA1PRNG;5) Random Number Generators
JCT:static:206+CT1:static:119+CT2:static:527;SHA-256;JCT:D\A\CT1:X\CT2:C;Message Digests \ SHA256 (OID: 2.16.840.1.101.3.4.2.1) <br /> CT1:X \ Indiv. Procedures \ Hash \ SHA-256 <br /> CT2:C \ Hash functions \ SHA;3) Hash and MAC Algorithms
JCT:static:207+CT2:static:534;SHA-3 Candidates;JCT:D\CT2:C;JCT:D \ Algorithms \ Hash \ SHA3-Candidates <br /> CT2:C \ Hash functions \ SHA;3) Hash and MAC Algorithms
JCT:static:208+CT2:static:535;SHA-384;JCT:A\CT2:C;JCT:A \ Message Digests \ SHA384 (OID: 2.16.840.1.101.3.4.2.2) <br /> CT2:C \ Hash functions \ SHA;3) Hash and MAC Algorithms
JCT:static:209+CT1:static:120+CT2:static:536;SHA-512;JCT:A\CT1:X\CT2:C;JCT:A \ Message Digests \ SHA512 (OID: 2.16.840.1.101.3.4.2.3) <br /> CT1:X \ Indiv. Procedures \ Hash \ SHA-512 <br /> CT2:C \ Hash functions \ SHA;3) Hash and MAC Algorithms
JCT:static:210;Shacal;JCT:A;JCT:A \ Block Ciphers \ Shacal;2) Modern Ciphers
JCT:static:211;Shacal2;JCT:A;JCT:A \ Block Ciphers \ Shacal2;2) Modern Ciphers
JCT:static:212+JCT:static:213+CT1:static:121+CT1:static:122;Shamir's Secret Sharing Visualization;JCT:D\CT1:X;JCT:D \ Visualizations \ Shamir's Secret Sharing <br /> JCT:D \ Visuals \ Shamir's Secret Sharing <br /> CT1:X \ Indiv. Procedures \ Secret Sharing Demonstration (Shamir)…;10) Learning Aids and Visualizations <br \>13) Protocols
JCT:static:214;Signatur Verification;JCT:D;JCT:D \ Visualizations \ Signature Verification;10) Learning Aids and Visualizations
JCT:static:215;Simple Power Analysis Visualization;JCT:D;JCT:D \ Visualizations \ Simple Power Analysis \ Square and Multiply;10) Learning Aids and Visualizations
JCT:static:216;Solving Discrete Logarithm with Babystep-Giantstep;JCT:D;JCT:D \ Visualizations \ Shanks Babystep-Giantstep;10) Learning Aids and Visualizations
JCT:static:217;SSL (MD5 and SHA1 with RSA);JCT:A;JCT:A \ Signatures \ SSL_MD5andSHA1withRSA;4) Digital Signatures, PKI
JCT:static:218;SSL/TLS Handshake;JCT:D;JCT:D \ Visualizations \ SSL \ TLS Handshake;10) Learning Aids and Visualizations
JCT:static:220+CT1:static:127+CT1:static:128;Substitution Analysis;JCT:D\CT1:X;JCT:D \ Analysis \ Substitution Analysis <br /> CT1:X \ Analysis \ Symmetric Encryption (classic) \ Ciphertext-Only \ Substitution... <br /> CT1:X \ Analysis \ Symmetric Encryption (classic) \ Manual Analysis \ Substitution…;6) Classic Cryptanalysis
JCT:static:221;Sudoku Solver;JCT:D;JCT:D \ Games \ Sudoku-Solver;11) Games
JCT:static:222+CT2:static:566+CT2:static:567;Tiger;JCT:A\CT2:C\CT2:T;JCT:A \ Message Digests \ Tiger (OID: 1.3.6.1.4.1.11591.12.2) <br /> CT2:C \ Hash Functions \ Tiger <br /> CT2:T \ Hash Functions \ Tiger;3) Hash and MAC Algorithms
JCT:static:223+CT1:static:129+CT2:static:571;Transposition (Double Column);JCT:D\CT1:X\CT2:C;JCT:D \ Algorithms \ Classic \ Transposition <br /> CT1:X \ Encrypt \ Decrypt \ Symmetric (classic) \ Permutation \ Transposition… <br /> CT2:C \ Classic Ciphers \ Transposition;1) Classic Ciphers
JCT:static:225+CT1:static:131+CT2:static:574+CT2:static:575+CT2:static:576+CT2:static:577+CT2:static:578+CT2:static:579+CT2:static:580+CT2:static:581+CT2:static:582;Transposition Analysis;JCT:D\CT1:X\CT2:C\CT2:T\CT2:W;JCT:D \ Analysis \ Transposition Analysis <br /> CT1:X \ Analysis \ Symmetric Encryption (classic) \ Known Plaintext \ Single Column Transposition… <br /> CT2:C \ Cryptanalysis \ Specific \ Transposition Analyzer <br /> CT2:T \ Cryptanalysis \ Classical \ Dictionary attack on the Double Columnar Transposition Cipher <br /> CT2:T \ Cryptanalysis \ Classical \ Transposition Brute-force Analysis <br /> CT2:T \ Cryptanalysis \ Classical \ Transposition Crib Analysis <br /> CT2:T \ Cryptanalysis \ Classical \ Transposition Genetic Analysis <br /> CT2:T \ Cryptanalysis \ Classical \ Transposition Hill Climbing Analysis <br /> CT2:W \ Cryptanalysis \ Classic Encryption \ Transposition \ Brute-force <br /> CT2:W \ Cryptanalysis \ Classic Encryption \ Transposition \ Crib <br /> CT2:W \ Cryptanalysis \ Classic Encryption \ Transposition \ Genetic;6) Classic Cryptanalysis
JCT:static:226+JCT:static:227+JCT:static:228+JCT:static:229+JCT:static:230;Two-Track MAC;JCT:A;JCT:A \ Message Authentication Codes \ Message Authentication Codes \ TTmac128 <br /> JCT:A \ Message Authentication Codes \ Message Authentication Codes \ TwoTrackMac160 <br /> JCT:A \ Message Authentication Codes \ Message Authentication Codes \ TwoTrackMac32 <br /> JCT:A \ Message Authentication Codes \ Message Authentication Codes \ TwoTrackMac64 <br /> JCT:A \ Message Authentication Codes \ Message Authentication Codes \ TwoTrackMac96;3) Hash and MAC Algorithms
JCT:static:231+CT1:static:132+CT2:static:584+CT2:static:585+CT2:static:586;Twofish;JCT:A\CT1:X\CT2:C\CT2:T\CT2:W;JCT:A \ Block Ciphers \ Twofish <br /> CT1:X \ Encrypt \ Decrypt \ Symmetric (modern) \ Further Algorithms \ Twofish… <br /> CT2:C \ Modern Ciphers \ Symmetric \ Twofish <br /> CT2:T \ Cryptography \ Modern \ Symmetric \ Twofish Cipher <br /> CT2:W \ Encryption \ Decryption \ Modern Encryption \ Decryption \ Symmetric Encryption \ Decryption \ Twofish;2) Modern Ciphers
JCT:static:232;Verifiable Secret Sharing (VSS) Visualization;JCT:D;JCT:D \ Visualizations \ Verifiable Secret Sharing;10) Learning Aids and Visualizations
JCT:static:235;Viterbi Analysis;JCT:D;JCT:D \ Analysis \ Viterbi Analysis;6) Classic Cryptanalysis
JCT:static:236;Viterbi Visualization;JCT:D;JCT:D \ Visuals \ Viterbi;10) Learning Aids and Visualizations
JCT:static:237;VSH;JCT:A;JCT:A \ Message Digests \ VSH;3) Hash and MAC Algorithms
JCT:static:238;WOTS/WOTS+;JCT:D;JCT:D \ Visualizations \ WOTS \ WOTS+;10) Learning Aids and Visualizations
JCT:static:239;XML Security;JCT:D;JCT:D \ Algorithms \ XML Security \ ;2) Modern Ciphers
JCT:static:240+CT1:static:146+CT2:static:638+CT2:static:639+CT2:static:640+CT2:static:641+CT2:static:642+CT2:static:643+CT2:static:644+CT2:static:645;XOR;JCT:D\CT1:X\CT2:C\CT2:T\CT2:W;JCT:D \ Algorithms \ Classic \ XOR <br /> CT1:X \ Encrypt \ Decrypt \ Symmetric (classic) \ XOR… <br /> CT2:C \ Classic Ciphers \ XOR <br /> CT2:T \ Cryptography \ Classical \ One Time Pad Demo <br /> CT2:T \ Cryptography \ Classical \ One Time Pad Misusage <br /> CT2:T \ Cryptography \ Classical \ XOR Cipher <br /> CT2:T \ Cryptography \ Modern \ Symmetric \ DES Complementation Property <br /> CT2:T \ Cryptography \ Modern \ Symmetric \ Keccak Cipher <br /> CT2:T \ Hash Functions \ HMAC <br /> CT2:W \ Encryption \ Decryption \ Classic Encryption \ Decryption \ XOR;1) Classic Ciphers
JCT:static:241;Zudo-Ku (Zero-Knowledge Proof);JCT:D;JCT:D \ Games \ Zudo-Ku;11) Games
CT1:static:2+CT2:static:2+CT2:static:3;3DES Brute-Force Attack;CT1:X\CT2:C\CT2:T;CT1:X \ Analysis \ Symmetric Encryption (modern) \ Triple DES… <br /> CT2:C \ Cryptanalysis \ Specific \ KeySearcher <br /> CT2:T \ Cryptanalysis \ Modern \ Triple DES Brute-force Analysis;7) Modern Cryptanalysis
CT1:static:4;ADFGVX Analysis;CT1:X;CT1:X \ Analysis \ Symmetric Encryption (classic) \ Ciphertext-Only \ ADFGVX…;6) Classic Cryptanalysis
CT1:static:7+CT2:static:27+CT2:static:28+CT2:static:29;AES Brute-Force Attack;CT1:X\CT2:C\CT2:T\CT2:W;CT1:X \ Analysis \ Symmetric Encryption (modern) \ AES (CBC)… <br /> CT2:C \ Cryptanalysis \ Specific \ KeySearcher <br /> CT2:T \ Cryptanalysis \ Modern \ AES* <br /> CT2:W \ Start \ Cryptanalysis \ Modern Encryption \ Symmetric Encryption \ AES*;7) Modern Cryptanalysis
CT1:static:8+CT2:static:30+CT2:static:31;AES Visualization;CT1:X\CT2:C\CT2:T;CT1:X \ Indiv. Procedures \ Visualization of Algorithms \ AES \  <br /> CT2:C \ Modern Ciphers \ Symmetric \ AES Visualization <br /> CT2:T \ Cryptography \ Modern \ Symmetric \ AES Visualization;10) Learning Aids and Visualizations
CT1:static:9;ASN.1;CT1:X;CT1:X \ Indiv. Procedures \ Tools \ Codes \ Decode ASN.1 Code of a Document;9) Codings
CT1:static:10;Atbash;CT1:X;CT1:X \ Encrypt \ Decrypt \ Symmetric (classic) \ Substitution \ Atbash…;1) Classic Ciphers
CT1:static:11+CT1:static:12;Authentication Methods in Networks Visualization;CT1:X;CT1:X \ Indiv. Procedures \ Protocols \ Network Authentication…;10) Learning Aids and Visualizations <br \>13) Protocols
CT1:static:16;Byte Addition;CT1:X;CT1:X \ Encrypt \ Decrypt \ Symmetric (classic) \ Byte Addition…;1) Classic Ciphers
CT1:static:17;Byte Addition Analysis;CT1:X;CT1:X \ Analysis \ Symmetric Encryption (classic) \ Ciphertext-Only \ Byte Addition;6) Classic Cryptanalysis
CT1:static:19+CT2:static:75+CT2:static:76+CT2:static:77+CT2:static:78;Caesar Analysis;CT1:X\CT2:C\CT2:T\CT2:W;CT1:X \ Analysis \ Symmetric Encryption (classic) \ Ciphertext-Only \ Caesar <br /> CT2:C \ Cryptanalysis \ Specific \ Caesar Analyzer <br /> CT2:T \ Cryptanalysis \ Classical \ Caesar Analysis using character frequencies <br /> CT2:T \ Cryptanalysis \ Classical \ Caesar Brute-force Analysis <br /> CT2:W \ Cryptanalysis \ Classic Encryption \ Caesar;6) Classic Cryptanalysis
CT1:static:20;Caesar Visualization;CT1:X;CT1:X \ Indiv. Procedures \ Visualization of Algorithms \ Caesar…;10) Learning Aids and Visualizations
CT1:static:22+CT2:static:234+CT2:static:235+CT2:static:236+CT2:static:237+CT2:static:238+CT2:static:239+CT2:static:240+CT2:static:241+CT2:static:242+CT2:static:243+CT2:static:244+CT2:static:245;DES;CT1:X\CT2:C\CT2:T\CT2:W;CT1:X \ Encrypt \ Decrypt \ Symmetric (modern) \ DES… <br /> CT2:C \ Modern Ciphers \ Symmetric \ DES <br /> CT2:T \ Cryptanalysis \ Modern \ DES Analysis using Entropy <br /> CT2:T \ Cryptanalysis \ Modern \ DES Known-Plaintext Analysis <br /> CT2:T \ Cryptanalysis \ Modern \ DES Brute-force Analysis <br /> CT2:T \ Cryptanalysis \ Modern \ Triple DES Brute-force Analysis <br /> CT2:T \ Cryptanalysis \ Modern \ Padding Oracle Attack on DES <br /> CT2:T \ Cryptography \ Modern \ Symmetric \ Block Modes of Symmetric Ciphers <br /> CT2:T \ Cryptography \ Modern \ Symmetric \ DES Cipher <br /> CT2:T \ Cryptography \ Modern \ Symmetric \ DES Complementation Property <br /> CT2:T \ Cryptography \ Modern \ Symmetric \ Triple DES Cipher <br /> CT2:W \ Encryption \ Decryption \ Modern Encryption \ Decryption \ Symmetric Encryption \ Decryption \ DES <br /> CT2:W \ Cryptanalysis \ Modern Encryption \ Symmetric Encryption \ DES \ Ciphertext-only;2) Modern Ciphers
CT1:static:23+CT2:static:246+CT2:static:247+CT2:static:248;DES Brute-Force Attack;CT1:X\CT2:C\CT2:T\CT2:W;CT1:X \ Analysis \ Symmetric Encryption (modern) \ DES… <br /> CT2:C \ Cryptanalysis \ Specific \ KeySearcher <br /> CT2:T \ Cryptanalysis \ Modern \ DES* <br /> CT2:W \ Start \ Cryptanalysis \ Modern Encryption \ Symmetric Encryption \ DES*;7) Modern Cryptanalysis
CT1:static:24+CT2:static:249+CT2:static:250;DES Visualization;CT1:X\CT2:C\CT2:T;CT1:X \ Indiv. Procedures \ Visualization of Algorithms \ DES… <br /> CT2:C \ Modern Ciphers \ Symmetric \ DESVisualization <br /> CT2:T \ Cryptography \ Modern \ Symmetric \ DES Visualization;10) Learning Aids and Visualizations
CT1:static:25;DESL;CT1:X;CT1:X \ Encrypt \ Decrypt \ Symmetric (modern) \ Further Algorithms \ DESL…;2) Modern Ciphers
CT1:static:26;DESL Brute-Force Attack;CT1:X;CT1:X \ Analysis \ Symmetric Encryption (modern) \ Further Algorithms \ DESL…;7) Modern Cryptanalysis
CT1:static:27;DESX;CT1:X;CT1:X \ Encrypt \ Decrypt \ Symmetric (modern) \ Further Algorithms \ DESX…;2) Modern Ciphers
CT1:static:28;DESX Brute-Force Attack;CT1:X;CT1:X \ Analysis \ Symmetric Encryption (modern) \ Further Algorithms \ DESX…;7) Modern Cryptanalysis
CT1:static:29;DESXL;CT1:X;CT1:X \ Encrypt \ Decrypt \ Symmetric (modern) \ Further Algorithms \ DESXL…;2) Modern Ciphers
CT1:static:30;DESXL Brute-Force Attack;CT1:X;CT1:X \ Analysis \ Symmetric Encryption (modern) \ Further Algorithms \ DESXL…;7) Modern Cryptanalysis
CT1:static:35;Display/Export Keys;CT1:X;CT1:X \ Digital Signatures \ PKI \ Display \ Export Keys…;4) Digital Signatures, PKI
CT1:static:37;ECC-AES;CT1:X;CT1:X \ Encrypt \ Decrypt \ Hybrid \ ECC-AES…;2) Modern Ciphers
CT1:static:41+CT2:static:271;Enigma Visualization;CT1:X\CT2:C;CT1:X \ Indiv. Procedures \ Visualization of Algorithms \ Enigma… <br /> CT2:C \ Classic Ciphers \ Enigma;10) Learning Aids and Visualizations
CT1:static:43;Extract Signature;CT1:X;CT1:X \ Digital Signatures \ PKI \ Extract Signature…;4) Digital Signatures, PKI
CT1:static:44+CT1:static:45+CT1:static:46+CT1:static:47+CT1:static:48+CT1:static:49+CT2:static:273+CT2:static:274+CT2:static:275+CT2:static:276;Factorization of a Number;CT1:X\CT2:N\CT2:C\CT2:T;CT1:X \ Indiv. Procedures \ RSA Cryptosystem \ Factorization of a Number… \ Brute-force <br /> CT1:X \ Indiv. Procedures \ RSA Cryptosystem \ Factorization of a Number… \ Brent <br /> CT1:X \ Indiv. Procedures \ RSA Cryptosystem \ Factorization of a Number… \ Pollard <br /> CT1:X \ Indiv. Procedures \ RSA Cryptosystem \ Factorization of a Number… \ Williams <br /> CT1:X \ Indiv. Procedures \ RSA Cryptosystem \ Factorization of a Number… \ Lenstra <br /> CT1:X \ Indiv. Procedures \ RSA Cryptosystem \ Factorization of a Number… \ Quadratic Sieve <br /> CT2:N \ Crypto tutorials \ World of Primes \ Factorization \ Quadratic Sieve <br /> CT2:N \ Crypto tutorials \ World of Primes \ Factorization \ Brute-force <br /> CT2:C \ Cryptanalysis \ Generic \ Factorizer <br /> CT2:T \ Mathematics \ Factorization with Trial Division (brute-force);12) Prime numbers
CT1:static:50;FIPS PUB-140-1;CT1:X;CT1:X \ Analysis \ Analyze Randomness \ FIPS PUB-140-1 Test Battery;7) Modern Cryptanalysis
CT1:static:53;Generate/Import Keys;CT1:X;CT1:X \ Digital Signatures \ PKI \ Generate \ Import Keys…;4) Digital Signatures, PKI
CT1:static:54+CT1:static:55+CT1:static:56+CT2:static:294+CT2:static:295+CT2:static:296+CT2:static:297+CT2:static:298+CT2:static:299+CT2:static:300;Generation of Prime Numbers;CT1:X\CT2:C\CT2:T\CT2:W\CT2:N;CT1:X \ Indiv. Procedures \ RSA Cryptosystem \ Generate Prime Numbers… \ Miller-Rabin Test <br /> CT1:X \ Indiv. Procedures \ RSA Cryptosystem \ Generate Prime Numbers… \ Solovay-Strassen Test <br /> CT1:X \ Indiv. Procedures \ RSA Cryptosystem \ Generate Prime Numbers… \ FermatTest <br /> CT2:C \ Tools \ Data input \ output \ Prime Generator <br /> CT2:T \ Codes \ QR Code Encryption <br /> CT2:T \ Mathematics \ Primes Generator <br /> CT2:T \ Protocols \ Diffie-Hellman Key-Exchange over network <br /> CT2:T \ Tools \ Diffie-Hellman AES Video Audio Chat <br /> CT2:W \ Mathematical Functions \ Prime Operations \ Prime Number Generation <br /> CT2:N \ Crypto tutorials \ World of Primes \ Generation of primes \ Generation of primes;12) Prime numbers
CT1:static:58;Hash Collisions;CT1:X;CT1:X \ Analysis \ Hash \ Attack on the Hash Value of the Digital Signature…;7) Modern Cryptanalysis
CT1:static:61;Hill Analysis;CT1:X;CT1:X \ Analysis \ Symmetric encryption (classic) \ Known Plaintext \ Hill…;6) Classic Cryptanalysis
CT1:static:62;Histogram;CT1:X;CT1:X \ Analysis \ Tools for Analysis \ Histogram;6) Classic Cryptanalysis
CT1:static:66;IDEA Brute-Force Attack;CT1:X;CT1:X \ Analysis \ Symmetric Encryption (modern) \ IDEA…;7) Modern Cryptanalysis
CT1:static:67;Inverse Congruence Generator (ICG) (PRNG);CT1:X;CT1:X \ Indiv. Procedures \ Tools \ Generate Random Numbers…;5) Random Number Generators
CT1:static:68;Key Generation from Password (PKCS#5);CT1:X;CT1:X \ Indiv. Procedures \ Hash \ Key Generation from Password (PKCS #5)…;3) Hash and MAC Algorithms
CT1:static:69;Length of a number;CT1:X;CT1:X \ Indiv. Procedures \ Tools \ Length of a number…;10) Learning Aids and Visualizations
CT1:static:70;Linear Congruence Generator (LCG) (PRNG);CT1:X;CT1:X \ Indiv. Procedures \ Tools \ Generate Random Numbers…;5) Random Number Generators
CT1:static:72;MARS Brute-Force Attack;CT1:X;CT1:X \ Analysis \ Symmetric Encryption (modern) \ Further Algorithms \ MARS…;7) Modern Cryptanalysis
CT1:static:73;MD2;CT1:X;CT1:X \ Indiv. Procedures \ Hash \ MD2;3) Hash and MAC Algorithms
CT1:static:77;Nihilist Visualization;CT1:X;CT1:X \ Indiv. Procedures \ Visualization of Algorithms \ Nihilist…;10) Learning Aids and Visualizations
CT1:static:79+CT1:static:80+CT2:static:400+CT2:static:401+CT2:static:402+CT2:static:403;Number Theory;CT1:X\CT2:N;CT1:X \ Indiv. Procedures \ Number Theory - Interactive \  <br /> CT1:X \ Indiv. Procedures \ Number Theory - Interactive \ Generic t-adic-NAF Key Generator <br /> CT2:N \ Crypto tutorials \ World of Primes \ Number theory \ Goldbach's conjecture <br /> CT2:N \ Crypto tutorials \ World of Primes \ Number theory \ Powering <br /> CT2:N \ Crypto tutorials \ World of Primes \ Number theory \ Number-theoretic functions <br /> CT2:N \ Crypto tutorials \ World of Primes \ Number theory \ Primitive roots;10) Learning Aids and Visualizations
CT1:static:83;Periodicity Analysis;CT1:X;CT1:X \ Analysis \ Tools for Analysis \ Periodicity;6) Classic Cryptanalysis
CT1:static:85;Playfair Analysis;CT1:X;CT1:X \ Analysis \ Symmetric Encryption (classic) \ Manual Analysis \ Playfair…;6) Classic Cryptanalysis
CT1:static:86;Poker Test;CT1:X;CT1:X \ Analysis \ Analyze Randomness \ Poker Test…;7) Modern Cryptanalysis
CT1:static:87+CT1:static:88+CT1:static:89+CT1:static:90+CT2:static:457+CT2:static:458+CT2:static:459+CT2:static:460+CT2:static:461+CT2:static:462+CT2:static:463;Prime Number Test;CT1:X\CT2:C\CT2:T\CT2:W\CT2:N;CT1:X \ Indiv. Procedures \ RSA Cryptosystem \ Prime Number Test… \ Miller-Rabin Test <br /> CT1:X \ Indiv. Procedures \ RSA Cryptosystem \ Prime Number Test… \ Fermat Test <br /> CT1:X \ Indiv. Procedures \ RSA Cryptosystem \ Prime Number Test… \ Solovay-Strassen test <br /> CT1:X \ Indiv. Procedures \ RSA Cryptosystem \ Prime Number Test… \ AKS test (deterministic procedure) <br /> CT2:C \ Cryptanalysis \ Generic \ Prime Test <br /> CT2:T \ Mathematics \ Primes Test <br /> CT2:W \ Start \ Mathematical Functions \ Prime Operations \ Prime Number Test <br /> CT2:N \ Crypto Tutorials \ World of Primes \ Primality Test \ Sieve of Erastosthenes <br /> CT2:N \ Crypto Tutorials \ World of Primes \ Primality Test \ Miller-Rabin test <br /> CT2:N \ Crypto Tutorials \ World of Primes \ Primality Test \ Sieve of Atkin <br /> CT2:W \ Mathematical Functions \ Prime Factorization;12) Prime numbers
CT1:static:91+CT1:static:92+CT1:static:93+CT2:static:464;Prime Number Tutorial;CT1:X\CT2:N;CT1:X \ Indiv. Procedures \ RSA Cryptosystem \ Prime Number Test… <br /> CT1:X \ Indiv. Procedures \ RSA Cryptosystem \ Generate Prime Numbers… <br /> CT1:X \ Indiv. Procedures \ RSA Cryptosystem \ Factorization of a Number… <br /> CT2:N \ Crypto Tutorials \ World of Primes;12) Prime numbers
CT1:static:95;Randomness Visualization;CT1:X;CT1:X \ Analysis \ Analyze Randomness \ 3D Visualization…;10) Learning Aids and Visualizations
CT1:static:97+CT2:static:475;RC2 Brute-Force Attack;CT1:X\CT2:C;CT1:X \ Analysis \ Symmetric Encryption (modern) \ RC2… <br /> CT2:C \ Cryptanalysis \ Specific \ KeySearcher;7) Modern Cryptanalysis
CT1:static:99;RC4 Brute-Force Attack;CT1:X;CT1:X \ Analysis \ Symmetric Encryption (modern) \ RC4…;7) Modern Cryptanalysis
CT1:static:101;RC6 Brute-Force Attack;CT1:X;CT1:X \ Analysis \ Symmetric Encryption (modern) \ Further Algorithms \ RC6…;7) Modern Cryptanalysis
CT1:static:106+CT1:static:107+CT2:static:500;RSA Attacks;CT1:X\CT2:W;"CT1:X \ Analysis \ Asymmetric Encryption \ Lattice-Based Attacks on RSA... \  <br /> CT1:X \ Analysis \ Asymmetric Encryption \ Side-Channel Attack on ""Textbook RSA""… <br /> CT2:W \ Start \ Cryptanalysis \ Modern Encryption \ Asymmetric Encryption \ RSA";7) Modern Cryptanalysis
CT1:static:109;RSA-AES;CT1:X;CT1:X \ Encrypt \ Decrypt \ Hybrid \ RSA-AES…;2) Modern Ciphers
CT1:static:110;Runs Test;CT1:X;CT1:X \ Analysis \ Analyze Randomness \ Runs Test…;6) Classic Cryptanalysis
CT1:static:112;Secude Library Random Number Generator;CT1:X;CT1:X \ Indiv. Procedures \ Tools \ Generate Random Numbers…;5) Random Number Generators
CT1:static:113+CT1:static:114;Secure Email (S/MIME) Visualization;CT1:X;CT1:X \ Indiv. Procedures \ Protocols \ Secure E-Mail with S \ MIME…;10) Learning Aids and Visualizations <br \>13) Protocols
CT1:static:115;Serial Test;CT1:X;CT1:X \ Analysis \ Analyze Randomness \ Serial Test…;7) Modern Cryptanalysis
CT1:static:117;Serpent Brute-Force Attack;CT1:X;CT1:X \ Analysis \ Symmetric Encryption (modern) \ Further Algorithms \ Serpent…;7) Modern Cryptanalysis
CT1:static:123+CT2:static:544+CT2:static:545;Solitaire;CT1:X\CT2:C\CT2:T;CT1:X \ Encrypt \ Decrypt \ Symmetric (classic) \ Solitaire… <br /> CT2:C \ Classic Ciphers \ Solitaire <br /> CT2:T \ Cryptography \ Classical \ Solitaire Cipher;1) Classic Ciphers
CT1:static:124+CT1:static:125+CT2:static:546+CT2:static:547;Solitaire Analysis;CT1:X\CT2:C\CT2:T;CT1:X \ Analysis \ Symmetric Encryption (classic) \ Ciphertext-Only \ Solitaire... <br /> CT1:X \ Analysis \ Symmetric Encryption (classic) \ Manual Analysis \ Solitaire… <br /> CT2:C \ Cryptanalysis \ Specific \ SolitaireAnalyser <br /> CT2:T \ Cryptanalysis \ Classical \ Solitaire Brute-force Analysis;6) Classic Cryptanalysis
CT1:static:133;Twofish Brute-Force Attack;CT1:X;CT1:X \ Analysis \ Symmetric Encryption (modern) \ Further Algorithms \ Twofish…;7) Modern Cryptanalysis
CT1:static:134;Unzip;CT1:X;CT1:X \ Indiv. Procedures \ Tools \ Compress \ UnZip;9) Codings
CT1:static:135;UU Decode;CT1:X;CT1:X \ Indiv. Procedures \ Tools \ Codes \ UU Encode \ Decode \ UU Decode;9) Codings
CT1:static:136;UU Encode;CT1:X;CT1:X \ Indiv. Procedures \ Tools \ Codes \ UU Encode \ Decode \ UU Encode;9) Codings
CT1:static:137;Verify Signature;CT1:X;CT1:X \ Digital Signatures \ PKI \ Verify Signature…;4) Digital Signatures, PKI
CT1:static:138+CT2:static:587;Vernam;CT1:X\CT2:C;CT1:X \ Encrypt \ Decrypt \ Symmetric (classic) \ Vernam \ OTP… <br /> CT2:C \ Classic Ciphers \ Vernam;1) Classic Ciphers
CT1:static:139;Vernam Analysis;CT1:X;CT1:X \ Analysis \ Symmetric Encryption (classic) \ Ciphertext-Only \ XOR \ Vernam;6) Classic Cryptanalysis
CT1:static:143;Vigenère Visualization;CT1:X;CT1:X \ Indiv. Procedures \ Visualization of Algorithms \ Vigenère…;10) Learning Aids and Visualizations
CT1:static:144;Vitányi Analysis;CT1:X;CT1:X \ Analysis \ Analyze Randomness \ Vitányi;7) Modern Cryptanalysis
CT1:static:145;X^2 (mod N) (PRNG);CT1:X;CT1:X \ Indiv. Procedures \ Tools \ Generate Random Numbers…;5) Random Number Generators
CT1:static:147;Zip;CT1:X;CT1:X \ Indiv. Procedures \ Tools \ Compress \ Zip;9) Codings
CT2:static:4+CT2:static:5;Achterbahn;CT2:C\CT2:T;CT2:C \ Modern Ciphers \ Symmetric \ Achterbahn <br /> CT2:T \ Cryptography \ Modern \ Symmetric \ Achterbahn Cipher;2) Modern Ciphers
CT2:static:32+CT2:static:33;Alphabet Permutator;CT2:C\CT2:T;CT2:C \ Tools \ Data flow \ Alphabet Permutator <br /> CT2:T \ Cryptography \ Classical \ Substitution Cipher using a password;6) Classic Cryptanalysis
CT2:static:34;Alphabets;CT2:C;CT2:C \ Tools \ Data input \ output \ Alphabets;6) Classic Cryptanalysis
CT2:static:37+CT2:static:38+CT2:static:39+CT2:static:40+CT2:static:41+CT2:static:42+CT2:static:43;Avalanche Visualization;CT2:C\CT2:T;CT2:C \ Tools \ Misc \ Avalanche Visualization <br /> CT2:T \ Cryptanalysis \ Modern \ Avalanche (AES) <br /> CT2:T \ Cryptanalysis \ Modern \ Avalanche (classic ciphers) <br /> CT2:T \ Cryptanalysis \ Modern \ Avalanche (compare classic ciphers) <br /> CT2:T \ Cryptanalysis \ Modern \ Avalanche (DES) <br /> CT2:T \ Cryptanalysis \ Modern \ Avalanche (hash functions) <br /> CT2:T \ Cryptanalysis \ Modern \ Avalanche (modern ciphers);10) Learning Aids and Visualizations
CT2:static:46+CT2:static:47+CT2:static:48+CT2:static:49+CT2:static:50+CT2:static:51+CT2:static:52+CT2:static:53+CT2:static:54;BB84 Key Exchange;CT2:T\CT2:C;CT2:T \ Protocols \ BB84 Key Exchange <br /> CT2:C \ Protocols \ BB84 Error Detector <br /> CT2:C \ Protocols \ BB84 Key Generator <br /> CT2:C \ Protocols \ BB84 Man in the Middle <br /> CT2:C \ Protocols \ BB84 Photon Decoder <br /> CT2:C \ Protocols \ BB84 Photon Encoder <br /> CT2:C \ Protocols \ BB84 Photonbase Generator <br /> CT2:T \ Protocols \ BB84 Key Exchange with eavesdropping attack;10) Learning Aids and Visualizations <br \>13) Protocols
CT2:static:55+CT2:static:56;BB84 Key Exchange with Eavesdropping Attack;CT2:T;CT2:T \ Protocols \ BB84 Key Exchange with eavesdropping attack;10) Learning Aids and Visualizations <br \>13) Protocols
CT2:static:57+CT2:static:58;Berlekamp-Massey Algorithm;CT2:C\CT2:T;CT2:C \ Cryptanalysis \ Generic \ Berlekamp-Massey Algorithm <br /> CT2:T \ Mathematics \ Berlekamp-Massey;7) Modern Cryptanalysis
CT2:static:59+CT2:static:60+CT2:static:61+CT2:static:62;Bit Commitment Scheme;CT2:C\CT2:T;CT2:C \ Protocols \ Bit Commitment Scheme <br /> CT2:T \ Mathematics \ ISAP Bit Commitment Scheme <br /> CT2:C \ Protocols \ BitCommitmentScheme;7) Modern Cryptanalysis <br \>13) Protocols
CT2:static:63+CT2:static:64+CT2:static:65+CT2:static:66;BLAKE;CT2:C\CT2:T;CT2:C \ Hash functions \ BLAKE <br /> CT2:T \ Hash Functions \ BLAKE <br /> CT2:T \ Hash Functions \ Password storage using salted BLAKE-256 <br /> CT2:T \ Hash Functions \ Password verification using salted BLAKE-256;3) Hash and MAC Algorithms
CT2:static:67;Boolean Function Parser;CT2:C;CT2:C \ Tools \ Boolean \ Boolean Function Parser;14) Tools
CT2:static:68+CT2:static:69+CT2:static:70+CT2:static:71;Boolean Operator;CT2:C\CT2:T;CT2:C \ Tools \ Boolean \ Boolean Binary Operator <br /> CT2:T \ Mathematics \ Booleans <br /> CT2:C \ Tools \ Boolean \ Boolean If-Else Operator <br /> CT2:C \ Tools \ Boolean \ Boolean Not Operator;14) Tools
CT2:static:81;Clock;CT2:C;CT2:C \ Tools \ Data flow \ Clock;14) Tools
CT2:static:84+CT2:static:85+CT2:static:86+CT2:static:87+CT2:static:88+CT2:static:89+CT2:static:90+CT2:static:91+CT2:static:92+CT2:static:93+CT2:static:94+CT2:static:95+CT2:static:96+CT2:static:97+CT2:static:98+CT2:static:99;Cost Function;CT2:C\CT2:T;CT2:C \ Cryptanalysis \ Generic \ Cost Function <br /> CT2:T \ Cryptanalysis \ Classical \ Transposition Brute-force Analysis <br /> CT2:T \ Cryptanalysis \ Classical \ Transposition Crib Analysis <br /> CT2:T \ Cryptanalysis \ Classical \ Transposition Genetic Analysis <br /> CT2:T \ Cryptanalysis \ Classical \ Transposition Hill Climbing Analysis <br /> CT2:T \ Cryptanalysis \ Modern \ AES Analysis using Entropy (1) <br /> CT2:T \ Cryptanalysis \ Modern \ AES Known-Plaintext Analysis (1) <br /> CT2:T \ Cryptanalysis \ Modern \ DES Analysis using Entropy <br /> CT2:T \ Cryptanalysis \ Modern \ DES Known-Plaintext Analysis <br /> CT2:T \ Cryptanalysis \ Modern \ AES Analysis using Entropy (2) <br /> CT2:T \ Cryptanalysis \ Modern \ AES Known-Plaintext Analysis (2) <br /> CT2:T \ Cryptanalysis \ Modern \ DES Brute-force Analysis <br /> CT2:T \ Cryptanalysis \ Modern \ SDES Brute-force Analysis <br /> CT2:T \ Cryptanalysis \ Modern \ Triple DES Brute-force Analysis <br /> CT2:T \ Cryptanalysis \ Modern \ SDES Analysis using Entropy <br /> CT2:T \ Cryptanalysis \ Modern \ SDES Known-Plaintext Analysis;7) Modern Cryptanalysis
CT2:static:100+CT2:static:101+CT2:static:102+CT2:static:103;Cramer-Shoup;CT2:C\CT2:T;CT2:C \ Modern Ciphers \ Asymmetric \ Cramer-Shoup <br /> CT2:T \ Cryptography \ Modern \ Asymmetric \ Cramer-Shoup with AES <br /> CT2:C \ Modern Ciphers \ Asymmetric \ Cramer-Shoup Key Generator;2) Modern Ciphers
CT2:static:104+CT2:static:105;CRC-1/Partiy;CT2:C\CT2:T;CT2:C \ Hash Functions \ CRC <br /> CT2:T \ Hash Functions \ CRC;3) Hash and MAC Algorithms
CT2:static:106+CT2:static:107;CRC-10;CT2:C\CT2:T;CT2:C \ Hash Functions \ CRC <br /> CT2:T \ Hash Functions \ CRC;3) Hash and MAC Algorithms
CT2:static:108+CT2:static:109;CRC-11;CT2:C\CT2:T;CT2:C \ Hash Functions \ CRC <br /> CT2:T \ Hash Functions \ CRC;3) Hash and MAC Algorithms
CT2:static:110+CT2:static:111;CRC-12/3GPP;CT2:C\CT2:T;CT2:C \ Hash Functions \ CRC <br /> CT2:T \ Hash Functions \ CRC;3) Hash and MAC Algorithms
CT2:static:112+CT2:static:113;CRC-12/DECT;CT2:C\CT2:T;CT2:C \ Hash Functions \ CRC <br /> CT2:T \ Hash Functions \ CRC;3) Hash and MAC Algorithms
CT2:static:114+CT2:static:115;CRC-14/DARC;CT2:C\CT2:T;CT2:C \ Hash Functions \ CRC <br /> CT2:T \ Hash Functions \ CRC;3) Hash and MAC Algorithms
CT2:static:116+CT2:static:117;CRC-15;CT2:C\CT2:T;CT2:C \ Hash Functions \ CRC <br /> CT2:T \ Hash Functions \ CRC;3) Hash and MAC Algorithms
CT2:static:118+CT2:static:119;CRC-15/MPT1327;CT2:C\CT2:T;CT2:C \ Hash Functions \ CRC <br /> CT2:T \ Hash Functions \ CRC;3) Hash and MAC Algorithms
CT2:static:120+CT2:static:121;CRC-16;CT2:C\CT2:T;CT2:C \ Hash Functions \ CRC <br /> CT2:T \ Hash Functions \ CRC;3) Hash and MAC Algorithms
CT2:static:122+CT2:static:123;CRC-16/AUG-CCITT;CT2:C\CT2:T;CT2:C \ Hash Functions \ CRC <br /> CT2:T \ Hash Functions \ CRC;3) Hash and MAC Algorithms
CT2:static:124+CT2:static:125;CRC-16/BUYPASS;CT2:C\CT2:T;CT2:C \ Hash Functions \ CRC <br /> CT2:T \ Hash Functions \ CRC;3) Hash and MAC Algorithms
CT2:static:126+CT2:static:127;CRC-16/CCITT-FALSE;CT2:C\CT2:T;CT2:C \ Hash Functions \ CRC <br /> CT2:T \ Hash Functions \ CRC;3) Hash and MAC Algorithms
CT2:static:128+CT2:static:129;CRC-16/DDS-110;CT2:C\CT2:T;CT2:C \ Hash Functions \ CRC <br /> CT2:T \ Hash Functions \ CRC;3) Hash and MAC Algorithms
CT2:static:130+CT2:static:131;CRC-16/DECT-R;CT2:C\CT2:T;CT2:C \ Hash Functions \ CRC <br /> CT2:T \ Hash Functions \ CRC;3) Hash and MAC Algorithms
CT2:static:132+CT2:static:133;CRC-16/DECT-X;CT2:C\CT2:T;CT2:C \ Hash Functions \ CRC <br /> CT2:T \ Hash Functions \ CRC;3) Hash and MAC Algorithms
CT2:static:134+CT2:static:135;CRC-16/DNP;CT2:C\CT2:T;CT2:C \ Hash Functions \ CRC <br /> CT2:T \ Hash Functions \ CRC;3) Hash and MAC Algorithms
CT2:static:136+CT2:static:137;CRC-16/EN-13757;CT2:C\CT2:T;CT2:C \ Hash Functions \ CRC <br /> CT2:T \ Hash Functions \ CRC;3) Hash and MAC Algorithms
CT2:static:138+CT2:static:139;CRC-16/GENIBUS;CT2:C\CT2:T;CT2:C \ Hash Functions \ CRC <br /> CT2:T \ Hash Functions \ CRC;3) Hash and MAC Algorithms
CT2:static:140+CT2:static:141;CRC-16/IBM-SDLC;CT2:C\CT2:T;CT2:C \ Hash Functions \ CRC <br /> CT2:T \ Hash Functions \ CRC;3) Hash and MAC Algorithms
CT2:static:142+CT2:static:143;CRC-16/MAXIM;CT2:C\CT2:T;CT2:C \ Hash Functions \ CRC <br /> CT2:T \ Hash Functions \ CRC;3) Hash and MAC Algorithms
CT2:static:144+CT2:static:145;CRC-16/MCRF4XX;CT2:C\CT2:T;CT2:C \ Hash Functions \ CRC <br /> CT2:T \ Hash Functions \ CRC;3) Hash and MAC Algorithms
CT2:static:146+CT2:static:147;CRC-16/RIELLO;CT2:C\CT2:T;CT2:C \ Hash Functions \ CRC <br /> CT2:T \ Hash Functions \ CRC;3) Hash and MAC Algorithms
CT2:static:148+CT2:static:149;CRC-16/T10-DIF;CT2:C\CT2:T;CT2:C \ Hash Functions \ CRC <br /> CT2:T \ Hash Functions \ CRC;3) Hash and MAC Algorithms
CT2:static:150+CT2:static:151;CRC-16/TELEDISK;CT2:C\CT2:T;CT2:C \ Hash Functions \ CRC <br /> CT2:T \ Hash Functions \ CRC;3) Hash and MAC Algorithms
CT2:static:152+CT2:static:153;CRC-16/TMS37157;CT2:C\CT2:T;CT2:C \ Hash Functions \ CRC <br /> CT2:T \ Hash Functions \ CRC;3) Hash and MAC Algorithms
CT2:static:154+CT2:static:155;CRC-16/USB;CT2:C\CT2:T;CT2:C \ Hash Functions \ CRC <br /> CT2:T \ Hash Functions \ CRC;3) Hash and MAC Algorithms
CT2:static:156+CT2:static:157;CRC-24/FLEXRAY-A;CT2:C\CT2:T;CT2:C \ Hash Functions \ CRC <br /> CT2:T \ Hash Functions \ CRC;3) Hash and MAC Algorithms
CT2:static:158+CT2:static:159;CRC-24/FLEXRAY-B;CT2:C\CT2:T;CT2:C \ Hash Functions \ CRC <br /> CT2:T \ Hash Functions \ CRC;3) Hash and MAC Algorithms
CT2:static:160+CT2:static:161;CRC-24/OPENPGP;CT2:C\CT2:T;CT2:C \ Hash Functions \ CRC <br /> CT2:T \ Hash Functions \ CRC;3) Hash and MAC Algorithms
CT2:static:162+CT2:static:163;CRC-3/ROHC;CT2:C\CT2:T;CT2:C \ Hash Functions \ CRC <br /> CT2:T \ Hash Functions \ CRC;3) Hash and MAC Algorithms
CT2:static:164+CT2:static:165;CRC-31/PHILIPS;CT2:C\CT2:T;CT2:C \ Hash Functions \ CRC <br /> CT2:T \ Hash Functions \ CRC;3) Hash and MAC Algorithms
CT2:static:166+CT2:static:167;CRC-32;CT2:C\CT2:T;CT2:C \ Hash Functions \ CRC <br /> CT2:T \ Hash Functions \ CRC;3) Hash and MAC Algorithms
CT2:static:168+CT2:static:169;CRC-32/BZIP2;CT2:C\CT2:T;CT2:C \ Hash Functions \ CRC <br /> CT2:T \ Hash Functions \ CRC;3) Hash and MAC Algorithms
CT2:static:170+CT2:static:171;CRC-32/MPEG-2;CT2:C\CT2:T;CT2:C \ Hash Functions \ CRC <br /> CT2:T \ Hash Functions \ CRC;3) Hash and MAC Algorithms
CT2:static:172+CT2:static:173;CRC-32/POSIX;CT2:C\CT2:T;CT2:C \ Hash Functions \ CRC <br /> CT2:T \ Hash Functions \ CRC;3) Hash and MAC Algorithms
CT2:static:174+CT2:static:175;CRC-32C;CT2:C\CT2:T;CT2:C \ Hash Functions \ CRC <br /> CT2:T \ Hash Functions \ CRC;3) Hash and MAC Algorithms
CT2:static:176+CT2:static:177;CRC-32D;CT2:C\CT2:T;CT2:C \ Hash Functions \ CRC <br /> CT2:T \ Hash Functions \ CRC;3) Hash and MAC Algorithms
CT2:static:178+CT2:static:179;CRC-32Q;CT2:C\CT2:T;CT2:C \ Hash Functions \ CRC <br /> CT2:T \ Hash Functions \ CRC;3) Hash and MAC Algorithms
CT2:static:180+CT2:static:181;CRC-4/ITU;CT2:C\CT2:T;CT2:C \ Hash Functions \ CRC <br /> CT2:T \ Hash Functions \ CRC;3) Hash and MAC Algorithms
CT2:static:182+CT2:static:183;CRC-40/GSM;CT2:C\CT2:T;CT2:C \ Hash Functions \ CRC <br /> CT2:T \ Hash Functions \ CRC;3) Hash and MAC Algorithms
CT2:static:184+CT2:static:185;CRC-5/EPC;CT2:C\CT2:T;CT2:C \ Hash Functions \ CRC <br /> CT2:T \ Hash Functions \ CRC;3) Hash and MAC Algorithms
CT2:static:186+CT2:static:187;CRC-5/ITU;CT2:C\CT2:T;CT2:C \ Hash Functions \ CRC <br /> CT2:T \ Hash Functions \ CRC;3) Hash and MAC Algorithms
CT2:static:188+CT2:static:189;CRC-5/USB;CT2:C\CT2:T;CT2:C \ Hash Functions \ CRC <br /> CT2:T \ Hash Functions \ CRC;3) Hash and MAC Algorithms
CT2:static:190+CT2:static:191;CRC-6/DARC;CT2:C\CT2:T;CT2:C \ Hash Functions \ CRC <br /> CT2:T \ Hash Functions \ CRC;3) Hash and MAC Algorithms
CT2:static:192+CT2:static:193;CRC-6/ITU;CT2:C\CT2:T;CT2:C \ Hash Functions \ CRC <br /> CT2:T \ Hash Functions \ CRC;3) Hash and MAC Algorithms
CT2:static:194+CT2:static:195;CRC-64;CT2:C\CT2:T;CT2:C \ Hash Functions \ CRC <br /> CT2:T \ Hash Functions \ CRC;3) Hash and MAC Algorithms
CT2:static:196+CT2:static:197;CRC-64/1B;CT2:C\CT2:T;CT2:C \ Hash Functions \ CRC <br /> CT2:T \ Hash Functions \ CRC;3) Hash and MAC Algorithms
CT2:static:198+CT2:static:199;CRC-64/Jones;CT2:C\CT2:T;CT2:C \ Hash Functions \ CRC <br /> CT2:T \ Hash Functions \ CRC;3) Hash and MAC Algorithms
CT2:static:200+CT2:static:201;CRC-64/WE;CT2:C\CT2:T;CT2:C \ Hash Functions \ CRC <br /> CT2:T \ Hash Functions \ CRC;3) Hash and MAC Algorithms
CT2:static:202+CT2:static:203;CRC-7;CT2:C\CT2:T;CT2:C \ Hash Functions \ CRC <br /> CT2:T \ Hash Functions \ CRC;3) Hash and MAC Algorithms
CT2:static:204+CT2:static:205;CRC-7/ROHC;CT2:C\CT2:T;CT2:C \ Hash Functions \ CRC <br /> CT2:T \ Hash Functions \ CRC;3) Hash and MAC Algorithms
CT2:static:206+CT2:static:207;CRC-8;CT2:C\CT2:T;CT2:C \ Hash Functions \ CRC <br /> CT2:T \ Hash Functions \ CRC;3) Hash and MAC Algorithms
CT2:static:208+CT2:static:209;CRC-8/CCITT;CT2:C\CT2:T;CT2:C \ Hash Functions \ CRC <br /> CT2:T \ Hash Functions \ CRC;3) Hash and MAC Algorithms
CT2:static:210+CT2:static:211;CRC-8/DARC;CT2:C\CT2:T;CT2:C \ Hash Functions \ CRC <br /> CT2:T \ Hash Functions \ CRC;3) Hash and MAC Algorithms
CT2:static:212+CT2:static:213;CRC-8/EBU;CT2:C\CT2:T;CT2:C \ Hash Functions \ CRC <br /> CT2:T \ Hash Functions \ CRC;3) Hash and MAC Algorithms
CT2:static:214+CT2:static:215;CRC-8/I-CODE;CT2:C\CT2:T;CT2:C \ Hash Functions \ CRC <br /> CT2:T \ Hash Functions \ CRC;3) Hash and MAC Algorithms
CT2:static:216+CT2:static:217;CRC-8/ITU;CT2:C\CT2:T;CT2:C \ Hash Functions \ CRC <br /> CT2:T \ Hash Functions \ CRC;3) Hash and MAC Algorithms
CT2:static:218+CT2:static:219;CRC-8/J1850;CT2:C\CT2:T;CT2:C \ Hash Functions \ CRC <br /> CT2:T \ Hash Functions \ CRC;3) Hash and MAC Algorithms
CT2:static:220+CT2:static:221;CRC-8/MAXIM;CT2:C\CT2:T;CT2:C \ Hash Functions \ CRC <br /> CT2:T \ Hash Functions \ CRC;3) Hash and MAC Algorithms
CT2:static:222+CT2:static:223;CRC-8/ROHC;CT2:C\CT2:T;CT2:C \ Hash Functions \ CRC <br /> CT2:T \ Hash Functions \ CRC;3) Hash and MAC Algorithms
CT2:static:224+CT2:static:225;CRC-8/WCDMA;CT2:C\CT2:T;CT2:C \ Hash Functions \ CRC <br /> CT2:T \ Hash Functions \ CRC;3) Hash and MAC Algorithms
CT2:static:226+CT2:static:227;CRC-A;CT2:C\CT2:T;CT2:C \ Hash Functions \ CRC <br /> CT2:T \ Hash Functions \ CRC;3) Hash and MAC Algorithms
CT2:static:228+CT2:static:229;Cube Attack;CT2:C\CT2:T;CT2:C \ Cryptanalysis \ Specific \ Cube Attack <br /> CT2:T \ Cryptanalysis \ Modern \ Cube Attack on Trivium;7) Modern Cryptanalysis
CT2:static:230;Cyphermatrix (Experimental Cipher);CT2:C\T;NOT in official release version (but on additional plugin's site);6) Classic Cryptanalysis
CT2:static:231+CT2:static:232+CT2:static:233;Decimalization;CT2:C\CT2:T;CT2:C \ Tools \ Misc \ Decimalization <br /> CT2:T \ Mathematics \ Decimalization <br /> CT2:T \ Tools \ Random Decimal Number;10) Learning Aids and Visualizations
CT2:static:251+CT2:static:252+CT2:static:253+CT2:static:254+CT2:static:255+CT2:static:256;Dictionary Search;CT2:C\CT2:T;CT2:C \ Tools \ Data input \ output \ Dictionary <br /> CT2:T \ Cryptanalysis \ Classical \ Caesar Brute-force Analysis <br /> CT2:T \ Cryptanalysis \ Classical \ Scytale Brute-force Analysis <br /> CT2:T \ Cryptanalysis \ Classical \ Solitaire Brute-force Analysis <br /> CT2:T \ Cryptanalysis \ Classical \ Wordpattern Analysis <br /> CT2:T \ Hash Functions \ Dictionary Attack;6) Classic Cryptanalysis
CT2:static:257+CT2:static:258;Dining Cryptographers Protocol;CT2:T;CT2:T \ Protocols \ Dining Cryptographers Protocol;10) Learning Aids and Visualizations <br \>13) Protocols
CT2:static:259+CT2:static:260;Discrete Logarithm;CT2:C\CT2:T;CT2:C \ Cryptanalysis \ Generic \ Discrete Logarithm <br /> CT2:T \ Mathematics \ Discrete Logarithm;7) Modern Cryptanalysis
CT2:static:261+CT2:static:262;Dynamic Group Keying (DGK);CT2:C;CT2:C \ Modern Ciphers \ Asymmetric \ DGK <br /> CT2:C \ Modern Ciphers \ Asymmetric \ DGK Key Generator;2) Modern Ciphers
CT2:static:268+CT2:static:269+CT2:static:270;Enigma Attacker;CT2:C\CT2:T\CT2:W;CT2:C \ Cryptanalysis \ Specific \ Enigma <br /> CT2:T \ Cryptanalysis \ Classical \ Enigma Analysis <br /> CT2:W \ Start \ Cryptanalysis \ Classic Encryption \ Enigma;6) Classic Cryptanalysis
CT2:static:277+CT2:static:278+CT2:static:279+CT2:static:280+CT2:static:281+CT2:static:282+CT2:static:283;Fialka;CT2:C\CT2:T;CT2:C \ Classic Ciphers \ Fialka <br /> CT2:T \ Cryptography \ Classical \ Fialka ED Check <br /> CT2:T \ Cryptography \ Classical \ Fialka ED Mixed Mode Check <br /> CT2:T \ Cryptography \ Classical \ Fialka ED NumLock10 Check <br /> CT2:T \ Cryptography \ Classical \ Fialka Key Output <br /> CT2:T \ Cryptography \ Classical \ Fialka M-125-3 PROTON II <br /> CT2:T \ Cryptography \ Classical \ Fialka M-125 PROTON I;6) Classic Cryptanalysis
CT2:static:292+CT2:static:293;General Number Field Sieve (GNFS);CT2:C\CT2:T;CT2:C \ Cryptanalysis \ Generic \ General Number Field Sieve <br /> CT2:T \ Mathematics \ Factorization with General Number Field Sieve (GNFS);7) Modern Cryptanalysis
CT2:static:301+CT2:static:302;Grain v1;CT2:C\CT2:T;CT2:C \ Modern Ciphers \ Symmetric \ Grain v1 <br /> CT2:T \ Cryptography \ Modern \ Symmetric \ Grain v1 Cipher;2) Modern Ciphers
CT2:static:303+CT2:static:304+CT2:static:305+CT2:static:306;Grøstl;CT2:C\CT2:T;CT2:C \ Hash functions \ Grøstl <br /> CT2:T \ Hash Functions \ Grøstl <br /> CT2:T \ Hash Functions \ Password storage using salted Grøstl-256 <br /> CT2:T \ Hash Functions \ Password verification using salted Grøstl-256;3) Hash and MAC Algorithms
CT2:static:307+CT2:static:308+CT2:static:309+CT2:static:310;Hamming Distance;CT2:C\CT2:T;CT2:C \ Tools \ Misc \ HammingDistance <br /> CT2:T \ Hash Functions \ ImageHash <br /> CT2:T \ Hash Functions \ ImageHash -- smooth comparison <br /> CT2:T \ Mathematics \ Hamming Distance;9) Codings
CT2:static:311+CT2:static:312;HC128;CT2:C\CT2:T;CT2:C \ Modern Ciphers \ Symmetric \ HC128 <br /> CT2:T \ Cryptography \ Modern \ Symmetric \ HC128 Cipher;2) Modern Ciphers
CT2:static:313;Heartbleed analysis;CT2:W;CT2:W \ Tools \ Heartbleed analysis;7) Modern Cryptanalysis
CT2:static:314;HIGHT;CT2:C;CT2:C \ Modern Ciphers \ Symmetric \ HIGHT;2) Modern Ciphers
CT2:static:325+CT2:static:326;IDP Analyzer;CT2:C\CT2:T;CT2:C \ Cryptanalysis \ Specific \ IDP Analyzer <br /> CT2:T \ Cryptanalysis \ Classical \ Dictionary attack on the Double Columnar Transposition Cipher;7) Modern Cryptanalysis
CT2:static:327+CT2:static:328+CT2:static:329;ImageHash;CT2:C\CT2:T;CT2:C \ Hash functions \ ImageHash <br /> CT2:T \ Hash Functions \ ImageHash <br /> CT2:T \ Hash Functions \ ImageHash -- smooth comparison;3) Hash and MAC Algorithms
CT2:static:330+CT2:static:331+CT2:static:332+CT2:static:333;Insertion Steganography;CT2:C\CT2:T;CT2:C \ Steganography \ Insertion Steganography <br /> CT2:T \ Steganography \ Steganography Insertion Decryption <br /> CT2:T \ Steganography \ Steganography Insertion Encryption <br /> CT2:T \ Steganography \ Steganography Permutation Encryption;8) Steganography
CT2:static:334+CT2:static:335;JAMCRC;CT2:C\CT2:T;CT2:C \ Hash Functions \ CRC <br /> CT2:T \ Hash Functions \ CRC;3) Hash and MAC Algorithms
CT2:static:336;Kasiski Test;CT2:C;CT2:C \ Cryptanalysis \ Generic \ Kasiski Test;6) Classic Cryptanalysis
CT2:static:337+CT2:static:338;KERMIT;CT2:C\CT2:T;CT2:C \ Hash Functions \ CRC <br /> CT2:T \ Hash Functions \ CRC;3) Hash and MAC Algorithms
CT2:static:339+CT2:static:340+CT2:static:341+CT2:static:342+CT2:static:343+CT2:static:344+CT2:static:345+CT2:static:346+CT2:static:347+CT2:static:348+CT2:static:349+CT2:static:350;Key Searcher;CT2:C\CT2:T;CT2:C \ Cryptanalysis \ Specific \ Key Searcher <br /> CT2:T \ Cryptanalysis \ Modern \ AES Analysis using Entropy (1) <br /> CT2:T \ Cryptanalysis \ Modern \ AES Known-Plaintext Analysis (1) <br /> CT2:T \ Cryptanalysis \ Modern \ DES Analysis using Entropy <br /> CT2:T \ Cryptanalysis \ Modern \ DES Known-Plaintext Analysis <br /> CT2:T \ Cryptanalysis \ Modern \ AES Analysis using Entropy (2) <br /> CT2:T \ Cryptanalysis \ Modern \ AES Known-Plaintext Analysis (2) <br /> CT2:T \ Cryptanalysis \ Modern \ DES Brute-force Analysis <br /> CT2:T \ Cryptanalysis \ Modern \ SDES Brute-force Analysis <br /> CT2:T \ Cryptanalysis \ Modern \ Triple DES Brute-force Analysis <br /> CT2:T \ Cryptanalysis \ Modern \ SDES Analysis using Entropy <br /> CT2:T \ Cryptanalysis \ Modern \ SDES Known-Plaintext Analysis;7) Modern Cryptanalysis
CT2:static:352;Lattice-Based Attacks - RSA;CT2:N;CT2:N \ Crypto tutorials \ Lattice-based cryptography \ Lattice-based cryptanalysis \ RSA (Coppersmith's attack);10) Learning Aids and Visualizations
CT2:static:353;Lattice-Based Cryptosystems - GGH;CT2:N;CT2:N \ Crypto tutorials \ Lattice-based cryptography \ Lattice-based cryptography \ GGH;10) Learning Aids and Visualizations
CT2:static:354;Lattice-Based Cryptosystems - LWE;CT2:N;CT2:N \ Crypto tutorials \ Lattice-based cryptography \ Lattice-based cryptography \ LWE;10) Learning Aids and Visualizations
CT2:static:355;Lattice-Based Problems - Closest Vector Problem (CVP);CT2:N;CT2:N \ Crypto tutorials \ Lattice-based cryptography \ Closest Vector Problem (CVP) \ Find closest vector;10) Learning Aids and Visualizations
CT2:static:356;Lattice-Based Problems - Shortest Vector Problem (SVP) - Gauss;CT2:N;CT2:N \ Crypto tutorials \ Lattice-based cryptography \ Shortest Vector Problem (SVP) \ Gauss algorithm;10) Learning Aids and Visualizations
CT2:static:357;Lattice-Based Problems - Shortest Vector Problem (SVP) - LLL;CT2:N;CT2:N \ Crypto tutorials \ Lattice-based cryptography \ Shortest Vector Problem (SVP) \ LLL algorithm;10) Learning Aids and Visualizations
CT2:static:358+CT2:static:359+CT2:static:360+CT2:static:361;Least Significant Bit (LSB);CT2:C\CT2:T;CT2:C \ Steganography \ LSB Steganography <br /> CT2:T \ Steganography \ Steganography Least Significant Bit Decryption <br /> CT2:T \ Steganography \ Steganography Least Significant Bit Encryption <br /> CT2:T \ Steganography \ Steganography Least Significant Bit Data Transfer;8) Steganography
CT2:static:364;Lorenz SZ42;CT2:C;CT2:C \ Classic Ciphers \ Lorenz SZ42;1) Classic Ciphers
CT2:static:365+CT2:static:366;M-138;CT2:C\CT2:T;CT2:C \ Classic Ciphers \ M-138 <br /> CT2:T \ Cryptography \ Classical \ M-138;1) Classic Ciphers
CT2:static:367+CT2:static:368+CT2:static:369+CT2:static:370;M-138 Analyzer;CT2:C\CT2:T;CT2:C \ Cryptanalysis \ Specific \ M-138 Analyzer <br /> CT2:T \ Cryptanalysis \ Classical \ M-138 Ciphertext only Attack <br /> CT2:T \ Cryptanalysis \ Classical \ M-138 Known-Plaintext Attack <br /> CT2:T \ Cryptanalysis \ Classical \ M-138 Partially Known-Plaintext Attack;6) Classic Cryptanalysis
CT2:static:371+CT2:static:372+CT2:static:373;M209;CT2:C\CT2:T;CT2:C \ Classic Ciphers \ M209 <br /> CT2:T \ Cryptography \ Classical \ M209 Cipher Machine <br /> CT2:T \ Cryptography \ Classical \ M209 Key Setup;1) Classic Ciphers
CT2:static:382+CT2:static:383;MD5 Collisions;CT2:C\CT2:T;CT2:C \ Hash functions \ MD5 Collider <br /> CT2:T \ Hash Functions \ MD5 Collision Finder;7) Modern Cryptanalysis
CT2:static:384+CT2:static:385;Mickey 2;CT2:C\CT2:T;CT2:C \ Modern Ciphers \ Symmetric \ Mickey 2 <br /> CT2:T \ Cryptography \ Modern \ Symmetric \ Mickey2 Cipher;2) Modern Ciphers
CT2:static:386+CT2:static:387;MODBUS;CT2:C\CT2:T;CT2:C \ Hash Functions \ CRC <br /> CT2:T \ Hash Functions \ CRC;3) Hash and MAC Algorithms
CT2:static:388+CT2:static:389;Monoalphabetic Substitution;CT2:C\CT2:T;CT2:C \ Cryptanalysis \ Specific \ Monoalphabetic Substitution Analyzer <br /> CT2:T \ Cryptanalysis \ Classical \ Monoalphabetic Substitution Analyzer;6) Classic Cryptanalysis
CT2:static:394;Network Receiver;CT2:C;CT2:C \ Tools \ Data input \ output \ Network Receiver;10) Learning Aids and Visualizations
CT2:static:395;Network Sender;CT2:C;CT2:C \ Tools \ Data input \ output \ Network Sender;10) Learning Aids and Visualizations
CT2:static:398+CT2:static:399;NLFSR;CT2:C\CT2:T;CT2:C \ Protocols \ NLFSR <br /> CT2:T \ Mathematics \ Non-Linear Feedback Shift Register (NLFSR);2) Modern Ciphers
CT2:static:404+CT2:static:405+CT2:static:406+CT2:static:407+CT2:static:408+CT2:static:409+CT2:static:410+CT2:static:411;Oblivious Transfer Protocol;CT2:C\CT2:T;CT2:C \ Protocols \ Oblivious Transfer 1 <br /> CT2:T \ Protocols \ Oblivious Transfer Protocol (1 out of n) <br /> CT2:C \ Protocols \ Oblivious Transfer 2;10) Learning Aids and Visualizations <br \>13) Protocols
CT2:static:412+CT2:static:413+CT2:static:414;Padding Oracle;CT2:C\CT2:T;CT2:C \ Tools \ Misc \ Padding Oracle <br /> CT2:T \ Cryptanalysis \ Modern \ Padding Oracle Attack on AES <br /> CT2:T \ Cryptanalysis \ Modern \ Padding Oracle Attack on DES;7) Modern Cryptanalysis
CT2:static:415+CT2:static:416+CT2:static:417;Padding Oracle Attack against AES;CT2:C\CT2:T;CT2:C \ Tools \ Misc \ Padding Oracle Attack <br /> CT2:T \ Cryptanalysis \ Modern \ Padding Oracle Attack on AES;7) Modern Cryptanalysis
CT2:static:418+CT2:static:419;Padding Oracle Attack against DES;CT2:C\CT2:T;CT2:C \ Tools \ Misc \ Padding Oracle Attack <br /> CT2:T \ Cryptanalysis \ Modern \ Padding Oracle Attack on DES;7) Modern Cryptanalysis
CT2:static:420+CT2:static:421+CT2:static:422+CT2:static:423+CT2:static:424+CT2:static:425+CT2:static:426;Paillier Cryptosystem;CT2:C\CT2:T;CT2:C \ Modern Ciphers \ Asymmetric \ Paillier <br /> CT2:T \ Cryptography \ Modern \ Asymmetric \ Paillier Cipher (Number Input) <br /> CT2:T \ Cryptography \ Modern \ Asymmetric \ Paillier Cipher with Addition <br /> CT2:T \ Cryptography \ Modern \ Asymmetric \ Paillier Cipher with Blinding <br /> CT2:T \ Cryptography \ Modern \ Asymmetric \ Paillier Key Generator <br /> CT2:T \ Cryptography \ Modern \ Asymmetric \ Paillier Cipher (Text Input) <br /> CT2:T \ Cryptography \ Modern \ Asymmetric \ Paillier Cipher (Voting);2) Modern Ciphers
CT2:static:431;Password Store Using Salted SHA-1;CT2:T;CT2:T \ Hash Functions \ Password store using salted SHA-1;3) Hash and MAC Algorithms
CT2:static:432;Password Verification Using Salted SHA-1;CT2:T;CT2:T \ Hash Functions \ Password verification using salted SHA-1;3) Hash and MAC Algorithms
CT2:static:433+CT2:static:434+CT2:static:435;Permutation Steganography;CT2:C\CT2:T;CT2:C \ Steganography \ Permutation Steganography <br /> CT2:T \ Steganography \ Steganography Permutation Decryption <br /> CT2:T \ Steganography \ Steganography Permutation Image Transfer;8) Steganography
CT2:static:436;PKCS#1 Attack (Bleichenbacher) Visualization;CT2:N;CT2:N \ Crypto Tutorials \ Attack on PKCS#1 \ Attacks on PKCS#1 \ Bleichenbacher attack;10) Learning Aids and Visualizations
CT2:static:437;PKCS#1 Attack (Kuehn) Visualization;CT2:N;CT2:N \ Crypto Tutorials \ Attack on PKCS#1 \ Attacks on PKCS#1 \ Attack with shorter keys (Kuehn);10) Learning Aids and Visualizations
CT2:static:449+CT2:static:450+CT2:static:451;PRESENT;CT2:C\CT2:T;CT2:C \ Modern Ciphers \ Symmetric \ PRESENT <br /> CT2:T \ Cryptography \ Modern \ Symmetric \ PRESENT Cipher <br /> CT2:T \ Tools \ Keccak PRNG;2) Modern Ciphers
CT2:static:452;PRESENT Visualization;CT2:C;CT2:C \ Modern Ciphers \ Symmetric \ PRESENT;10) Learning Aids and Visualizations
CT2:static:453+CT2:static:454+CT2:static:455+CT2:static:456;Prime Distribution;CT2:N;CT2:N \ Crypto Tutorials \ World of Primes \ Distribution of Primes \ Number line <br /> CT2:N \ Crypto Tutorials \ World of Primes \ Distribution of Primes \ Number grid <br /> CT2:N \ Crypto Tutorials \ World of Primes \ Distribution of Primes \ Number of primes <br /> CT2:N \ Crypto Tutorials \ World of Primes \ Distribution of Primes \ Ulam's spiral;12) Prime numbers
CT2:static:465+CT2:static:466;Purple;CT2:C\CT2:T;CT2:C \ Classic Ciphers \ Purple <br /> CT2:T \ Cryptography \ Classical \ PURPLE Cipher Machine;1) Classic Ciphers
CT2:static:467+CT2:static:468;Quadratic Sieve (QS);CT2:C\CT2:T;CT2:C \ Cryptanalysis \ Generic \ Quadratic Sieve (QS) <br /> CT2:T \ Mathematics \ Factorization with Quadratic Sieve;7) Modern Cryptanalysis
CT2:static:469+CT2:static:470;Rabbit;CT2:C\CT2:T;CT2:C \ Modern Ciphers \ Symmetric \ Rabbit <br /> CT2:T \ Cryptography \ Modern \ Symmetric \ Rabbit Cipher;2) Modern Ciphers
CT2:static:478+CT2:static:479;Rijndael;CT2:C\CT2:T;CT2:C \ Modern Ciphers \ Symmetric \ AES <br /> CT2:T \ Cryptography \ Modern \ Symmetric \ AES*;2) Modern Ciphers
CT2:static:501+CT2:static:502;Salsa20;CT2:C\CT2:T;CT2:C \ Modern Ciphers \ Symmetric \ Salsa20 <br /> CT2:T \ Cryptography \ Modern \ Symmetric \ Salsa20 Cipher;2) Modern Ciphers
CT2:static:503+CT2:static:504+CT2:static:505;SAT Solver;CT2:C\CT2:T;CT2:C \ Tools \ Misc \ SAT Solver <br /> CT2:T \ Mathematics \ SAT Solver (File Input) <br /> CT2:T \ Mathematics \ SAT Solver (Text Input);10) Learning Aids and Visualizations
CT2:static:511+CT2:static:512;Scytale Analysis;CT2:T\CT2:W;CT2:T \ Cryptanalysis \ Scytale Brute-force Analysis <br /> CT2:W \ Start \ Cryptanalysis \ Classic Encryption \ Scytale;6) Classic Cryptanalysis
CT2:static:513+CT2:static:514+CT2:static:515;SDES Brute-Force Attack;CT2:C\CT2:T\CT2:W;CT2:C \ Cryptanalysis \ Specific \ KeySearcher <br /> CT2:T \ Cryptanalysis \ Modern \ SDES* <br /> CT2:W \ Start \ Cryptanalysis \ Modern Encryption \ Symmetric Encryption \ SDES*;7) Modern Cryptanalysis
CT2:static:528;SHA-3 (Keccak);CT2:C;CT2:C \ Hash functions \ SHA;3) Hash and MAC Algorithms
CT2:static:529+CT2:static:530+CT2:static:531+CT2:static:532;SHA-3 (Keccak) (PRNG);CT2:C\CT2:T;CT2:C \ Hash functions \ Keccak <br /> CT2:T \ Cryptography \ Modern \ Symmetric \ Keccak Cipher <br /> CT2:T \ Hash Functions \ Keccak Hash (SHA-3) <br /> CT2:T \ Tools \ Keccak PRNG;5) Random Number Generators
CT2:static:533;SHA-3 (Keccak) Streamcipher;CT2:T;CT2:T \ Cryptography \ Modern Ciphers \ Symmetric \ Keccak Streamcipher;2) Modern Ciphers
CT2:static:537+CT2:static:538+CT2:static:539+CT2:static:540+CT2:static:541+CT2:static:542+CT2:static:543;Simplified DES;CT2:C\CT2:T\CT2:W;CT2:C \ Modern Ciphers \ Symmetric \ SDES <br /> CT2:T \ Cryptanalysis \ Modern \ SDES Brute-force Analysis <br /> CT2:T \ Cryptanalysis \ Modern \ SDES Analysis using Entropy <br /> CT2:T \ Cryptanalysis \ Modern \ SDES Known-Plaintext Analysis <br /> CT2:T \ Cryptography \ Modern \ Symmetric \ SDES Cipher <br /> CT2:W \ Encryption \ Decryption \ Modern Encryption \ Decryption \ Symmetric Encryption \ Decryption \ SDES <br /> CT2:W \ Cryptanalysis \ Modern Encryption \ Symmetric Encryption \ SDES \ Ciphertext-only;2) Modern Ciphers
CT2:static:548+CT2:static:549;Sosemanuk;CT2:C\CT2:T;CT2:C \ Modern Ciphers \ Symmetric \ Sosemanuk <br /> CT2:T \ Cryptography \ Modern \ Symmetric \ Sosemanuk Cipher;2) Modern Ciphers
CT2:static:550+CT2:static:551;Spanish Strip Cipher;CT2:C\CT2:T;CT2:C \ Classic Ciphers \ Spanish Strip Cipher <br /> CT2:T \ Cryptography \ Classical \ Spanish Strip Cipher;1) Classic Ciphers
CT2:static:552;Stream Comparison;CT2:C;CT2:C \ Tools \ Misc \ Stream Comparator;6) Classic Cryptanalysis
CT2:static:553+CT2:static:554;String Operations;CT2:C\CT2:T;CT2:C \ Tools \ Misc \ String Operations <br /> CT2:T \ Mathematics \ Levenshtein Distance;14) Tools
CT2:static:561+CT2:static:562;T-310\50;CT2:C\CT2:T;CT2:C \ Classic Ciphers \ T-310 \ 50 <br /> CT2:T \ Cryptography \ Classical \ T310 \ 50 Cipher Machine;1) Classic Ciphers
CT2:static:563+CT2:static:564+CT2:static:565;TEA;CT2:C\CT2:T\CT2:W;CT2:C \ Modern Ciphers \ Symmetric \ TEA <br /> CT2:T \ Cryptography \ Modern \ Symmetric \ TEA Cipher <br /> CT2:W \ Start \ Encryption \ Decryption \ Modern Encryption \ Decryption \ Symmetric Encryption \ Decryption \ TEA;2) Modern Ciphers
CT2:static:568+CT2:static:569+CT2:static:570;Transcriptor Analysis;CT2:C\CT2:T;CT2:C \ Cryptanalysis \ Generic \ Transcriptor <br /> CT2:T \ Cryptanalysis \ Classical \ Transcriptor -- manual mode <br /> CT2:T \ Cryptanalysis \ Classical \ Transcriptor -- semi-automatic mode;6) Classic Cryptanalysis
CT2:static:583;Trivium;CT2:C;CT2:C \ Modern Ciphers \ Symmetric \ Trivium;2) Modern Ciphers
CT2:static:600+CT2:static:601+CT2:static:602+CT2:static:603+CT2:static:604;Virtual Smartcard;CT2:C\CT2:T;CT2:C \ Protocols \ Smartcard <br /> CT2:T \ Protocols \ Communication with a SmartCard <br /> CT2:C \ Protocols \ Smartcard Interpreter;10) Learning Aids and Visualizations <br \>13) Protocols
CT2:static:605+CT2:static:606+CT2:static:607+CT2:static:608+CT2:static:609+CT2:static:610+CT2:static:611+CT2:static:612+CT2:static:613+CT2:static:614+CT2:static:615+CT2:static:616+CT2:static:617;Visual Code;CT2:C\CT2:T\CT2:W;CT2:C \ Tools \ Misc \ Visual Decoder <br /> CT2:C \ Tools \ Misc \ Visual Encoder <br /> CT2:T \ Codes \ AES (CBC) with PKCS#5 and IV, output as QR Code <br /> CT2:T \ Codes \ Create QR Code <br /> CT2:T \ Codes \ QR Code Encryption <br /> CT2:T \ Codes \ RSA signed QR code <br /> CT2:T \ Codes \ VCard <br /> CT2:T \ Codes \ Decode QR code file <br /> CT2:T \ Codes \ Simple detection of optical codes <br /> CT2:W \ Codes \ Create visual code <br /> CT2:W \ Codes \ Decode visual code;9) Codings
CT2:static:618;Visual Decoder;CT2:C;CT2:C \ Tools \ Misc \ Visual Decoder;9) Codings
CT2:static:619;Visual Encoder;CT2:C;CT2:C \ Tools \ Misc \ Visual Encoder;9) Codings
CT2:static:620+CT2:static:621+CT2:static:622+CT2:static:623;Watermark Creator;CT2:C\CT2:T;CT2:C \ Steganography \ Watermark Creator <br /> CT2:T \ Steganography \ Watermark Creator -- invisible watermark <br /> CT2:T \ Steganography \ Watermark Creator -- Robustness <br /> CT2:T \ Steganography \ Watermark Creator -- visible watermark;8) Steganography
CT2:static:624+CT2:static:625;WEP Attack;CT2:C\CT2:T;CT2:C \ Protocols \ Attacks on the WEP protocol <br /> CT2:T \ Protocols \ WEP Attack;7) Modern Cryptanalysis
CT2:static:626+CT2:static:627;Whirlpool;CT2:C\CT2:T;CT2:C \ Hash Functions \ Whirlpool <br /> CT2:T \ Hash Functions \ Whirlpool;3) Hash and MAC Algorithms
CT2:static:628+CT2:static:629+CT2:static:630;Wired Equivalent Privacy (WEP);CT2:C\CT2:T;CT2:C \ Protocols \ WEP Protocol <br /> CT2:T \ Protocols \ WEP Attack;2) Modern Ciphers <br \>13) Protocols
CT2:static:631+CT2:static:632+CT2:static:633;Word Pattern Analysis;CT2:C\CT2:T;CT2:C \ Cryptanalysis \ Generic \ Word Patterns <br /> CT2:T \ Cryptanalysis \ Classical \ Wordpattern Analysis <br /> CT2:T \ Cryptanalysis \ Classical \ Wordpattern Analysis with self-defined dictionary;6) Classic Cryptanalysis
CT2:static:634+CT2:static:635;XFER;CT2:C\CT2:T;CT2:C \ Hash Functions \ CRC <br /> CT2:T \ Hash Functions \ CRC;3) Hash and MAC Algorithms
CT2:static:636+CT2:static:637;XMODEM;CT2:C\CT2:T;CT2:C \ Hash Functions \ CRC <br /> CT2:T \ Hash Functions \ CRC;3) Hash and MAC Algorithms
CT2:static:646+CT2:static:647+CT2:static:648+CT2:static:649+CT2:static:650+CT2:static:651+CT2:static:652+CT2:static:653;Yao's Millionaire Problem;CT2:C\CT2:T;CT2:C \ Protocols \ Yao 1 <br /> CT2:C \ Protocols \ Yao 2 <br /> CT2:C \ Protocols \ Yao 3 <br /> CT2:T \ Protocols \ Yao's Millionaire Problem;10) Learning Aids and Visualizations <br \>13) Protocols
CT2:static:654+CT2:static:655+CT2:static:656+CT2:static:657+CT2:static:658+CT2:static:659;Zero Knowledge Protocol;CT2:C\CT2:T;CT2:C \ Protocols \ Zero Knowledge Prover <br /> CT2:C \ Protocols \ Zero Knowledge Verifier <br /> CT2:T \ Protocols \ Zero Knowledge Protocol;10) Learning Aids and Visualizations <br \>13) Protocols
