CT2:de:static:1;ADFGVX;K\T\W;[K] Klassische Verfahren\ ADFGVX<br/>[T] Kryptographie\ Klassisch\ ADFGVX-Chiffre<br/>[T] Kryptoanalyse\ Klassisch\ Wörterbuchangriff auf die ADFGVX-Chiffre<br/>[W] Verschlüsselungsverfahren\ Klassische Verschlüsselungsverfahren\ ADFGVX;1) Klassische Chiffren
CT2:de:static:10;Caesar;K\T\W;[K] Klassische Verfahren\ Caesar<br/>[T] Kryptographie\ Klassisch\ Caesar-Chiffre<br/>[W] Verschlüsselungsverfahren\ Klassische Verschlüsselungsverfahren\ Caesar;1) Klassische Chiffren
CT2:de:static:12;Enigma;K\T\W;[K] Klassische Verfahren\ Enigma<br/>[T] Kryptoanalyse\ Klassisch\ Enigma Analyse<br/>[T] Kryptographie\ Klassisch\ Enigma-Chiffre<br/>[W] Verschlüsselungsverfahren\ Klassische Verschlüsselungsverfahren\ Enigma<br/>[W] Kryptoanalyse\ Klassische Verschlüsselung\ Enigma;1) Klassische Chiffren
CT2:de:static:13;Fialka;K\T;[K] Klassische Verfahren\ Fialka<br/>[T] Kryptographie\ Klassisch\ Fialka ED Check<br/>[T] Kryptographie\ Klassisch\ Fialka ED Mixed Mode Check<br/>[T] Kryptographie\ Klassisch\ Fialka ED NumLock10 Check<br/>[T] Kryptographie\ Klassisch\ Fialka Schlüsselausgabe<br/>[T] Kryptographie\ Klassisch\ Fialka M-125-3 PROTON II<br/>[T] Kryptographie\ Klassisch\ Fialka M-125 PROTON I;1) Klassische Chiffren
CT2:de:static:18;Hill;K\T;[K] Klassische Verfahren\ Hill-Chiffre<br/>[T] Kryptographie\ Klassisch\ Hill-Chiffre;1) Klassische Chiffren
CT2:de:static:22;Lorenz SZ42;K;[K] Klassische Verfahren\ Lorenz SZ42;1) Klassische Chiffren
CT2:de:static:23;M-138;K\T;[K] Klassische Verfahren\ M-138<br/>[T] Kryptographie\ Klassisch\ M-138;1) Klassische Chiffren
CT2:de:static:24;M209;K\T;[K] Klassische Verfahren\ M209<br/>[T] Kryptographie\ Klassisch\ M209-Chiffre<br/>[T] Kryptographie\ Klassisch\ M209-Chiffre Schlüsseleingabe;1) Klassische Chiffren
CT2:de:static:25;Navajo;T;[T] Kryptographie\ Klassisch\ Navajo-Code;1) Klassische Chiffren
CT2:de:static:26;Nihilist;K\T;[K] Klassische Verfahren\ Nihilist<br/>[T] Kryptographie\ Klassisch\ Nihilist-Chiffre;1) Klassische Chiffren
CT2:de:static:27;Playfair;K\T\W;[K] Klassische Verfahren\ Playfair<br/>[T] Kryptographie\ Klassisch\ Playfair-Chiffre<br/>[W]Verschlüsselungsverfahren\ Klassische Verschlüsselungsverfahren\ Playfair;1) Klassische Chiffren
CT2:de:static:31;Purple;K\T;[K] Klassische Verfahren\ Purple<br/>[T] Kryptographie\ Klassisch\ PURPLE-Chiffre;1) Klassische Chiffren
CT2:de:static:32;Rot-13;K\T\W;[K] Klassische Verfahren\ Caesar<br/>[T] Kryptographie\ Klassisch\ Caesar-Chiffre<br/>[W] Verschlüsselungsverfahren\ Klassische Verschlüsselungsverfahren\ Caesar;1) Klassische Chiffren
CT2:de:static:34;Skytale;K\T\W;[K] Klassische Verfahren\ Skytale<br/>[T] Kryptoanalyse\ Klassisch\ Skytale Brute-Force-Analyse<br/>[T] Kryptographie\ Klassisch\ Skytale-Chiffre<br/>[W] Verschlüsselungsverfahren\ Klassische Verschlüsselungsverfahren\ Skytale<br/>[W] Kryptoanalyse\ Klassische Verschlüsselung\ Skytale<br/>;1) Klassische Chiffren
CT2:de:static:35;Solitaire;K\T;[K] Klassische Verfahren\ Solitaire<br/>[T] Kryptographie\ Klassisch\ Solitaire-Chiffre;1) Klassische Chiffren
CT2:de:static:36;Spanische Strip-Chiffre;C\T;[K] Klassische Verfahren\ Spanische Strip-Chiffre<br/>[T] Kryptographie\ Klassisch\ Spanische Strip-Chiffre;1) Klassische Chiffren
CT2:de:static:37;Substitution;K\T\W;[K] Klassische Verfahren\ Substitution<br/>[T] Kryptographie\ Klassisch\ Navajo-Code<br/>[T] Kryptographie\ Klassisch\ Substitutions-Chiffre<br/>[T] Kryptographie\ Klassisch\ Substitutions-Chiffre mit Passwort<br/>[T] Werkzeuge\ Text zerlegen<br/>[W] Verschlüsselungsverfahren\ Klassische Verschlüsselungsverfahren\ Substitution;1) Klassische Chiffren
CT2:de:static:38;T-310\50;K\T;[K] Klassische Verfahren\ T-310\50<br/>[T] Kryptographie\ Klassisch\ T310/50-Chiffre;1) Klassische Chiffren
CT2:de:static:40;Transposition (ein-stufige Spaltentransposition);K\T\W;[K] Klassische Verfahren\ Transposition<br/>[T] Kryptographie\ Klassisch\ Transpositions-Chiffre<br/>[W] Verschlüsselungsverfahren\ Klassische Verschlüsselungsverfahren\ Transposition;1) Klassische Chiffren
CT2:de:static:41;Transposition (zwei-stufige Spaltentransposition) (Doppelwürfel);K;[K] Klassische Verfahren\ Transposition;1) Klassische Chiffren
CT2:de:static:43;Vernam;K;[K] Klassische Verfahren\ Vernam;1) Klassische Chiffren
CT2:de:static:44;Vigenère;K\T\W;[K] Klassische Verfahren\ Vigenère<br/>[T] Kryptoanalyse\ Klassisch\ Statistiktests für klassische Chiffren<br/>[T] Kryptoanalyse\ Klassisch\ Vigenère Analyse<br/>[T] Kryptographie\ Klassisch\ Vigenère-Chiffre<br/>[W] Verschlüsselungsverfahren\ Klassische Verschlüsselungsverfahren\ Vigenère<br/>[W] Kryptoanalyse\ Klassische Verschlüsselung\ Vigenère;1) Klassische Chiffren
CT2:de:static:45;XOR;K\T\W;[K] Klassische Verfahren\ XOR<br/>[T] Kryptographie\ Klassisch\ One-Time-Pad-Demo<br/>[T] Kryptographie\ Klassisch\ One-Time-Pad-Fehlbenutzung<br/>[T] Kryptographie\ Klassisch\ XOR-Chiffre<br/>[T] Kryptographie\ Modern\ Symmetrisch\ DES Komplement-Eigenschaft<br/>[T] Kryptographie\ Modern\ Symmetrisch\ Keccak-Chiffre<br/>[K] Klassische Verfahren\ XOR<br/>[T] Kryptographie\ Klassisch\ One-Time-Pad-Demo<br/>[T] Kryptographie\ Klassisch\ One-Time-Pad-Fehlbenutzung;1) Klassische Chiffren
CT2:de:static:47;3DES;K;[K] Moderne Verfahren\ Symmetrisch\ DES;2) Moderne Chiffren
CT2:de:static:48;Achterbahn;K\T;[K] Moderne Verfahren\ Symmetrisch\ Achterbahn<br/>[T] Kryptographie\ Modern\ Symmetrisch\ Achterbahn-Chiffre;2) Moderne Chiffren
CT2:de:static:49;AES;K\T\W;[K] Moderne Verfahren\ Symmetrisch\ AES<br/>[T] Codes\ AES (CBC) mit PKCS#5 und IV, Ausgabe als QR-Code<br/>[T] Codes\ QR-Code-Verschlüsselung<br/>[T] Kryptoanalyse\ Modern\ AES Analyse per Entropie (1)<br/>[T] Kryptoanalyse\ Modern\ AES Known-Plaintext-Analyse (1)<br/>[T] Kryptoanalyse\ Modern\ CBC-Angriff<br/>[T] Kryptoanalyse\ Modern\ AES Analyse per Entropie (2)<br/>[T] Kryptoanalyse\ Modern\ AES Known-Plaintext-Analyse (2)<br/>[T] Kryptoanalyse\ Modern\ Padding-Orakel-Angriff auf AES<br/>[T] Kryptographie\ Modern\ Asymmetrisch\ Cramer-Shoup mit AES<br/>[T] Kryptographie\ Modern\ Symmetrisch\ AES-Chiffre mit SHA-Hashwerten<br/>[T] Kryptographie\ Modern\ Symmetrisch\ AES-Verschlüsselung mit impliziter Konvertierung<br/>[T] Kryptographie\ Modern\ Symmetrisch\ AES-Chiffre (Dateieingabe)<br/>[T] Kryptographie\ Modern\ Symmetrisch\ AES mit PKCS#5<br/>[T] Kryptographie\ Modern\ Symmetrisch\ AES (CBC) mit PKCS#5 und IV<br/>[T] Kryptographie\ Modern\ Symmetrisch\ AES (ECB) mit PKCS#5<br/>[T] Kryptograph;2) Moderne Chiffren
CT2:de:static:50;Camellia;K\T;[K] Moderne Verfahren\ Symmetrisch\ Camellia<br/>[T] Kryptographie\ Modern\ Symmetrisch\ Camellia-Chiffre;2) Moderne Chiffren
CT2:de:static:51;Cramer-Shoup;K\T;[K] Moderne Verfahren\ Asymmetrisch\ Cramer-Shoup<br/>[T] Kryptographie\ Modern\ Asymmetrisch\ Cramer-Shoup mit AES<br/>[K] Moderne Verfahren\ Asymmetrisch\ Cramer-Shoup Key Generator<br/>[T] Kryptographie\ Modern\ Asymmetrisch\ Cramer-Shoup mit AES;2) Moderne Chiffren
CT2:de:static:52;DES;K\T\W;[K] Moderne Verfahren\ Symmetrisch\ DES<br/>[T] Kryptoanalyse\ Modern\ DES Analyse per Entropie<br/>[T] Kryptoanalyse\ Modern\ DES Known-Plaintext-Analyse<br/>[T] Kryptoanalyse\ Modern\ DES Brute-Force-Analyse<br/>[T] Kryptoanalyse\ Modern\ Triple-DES Brute-Force-Analyse<br/>[T] Kryptoanalyse\ Modern\ Padding-Orakel-Angriff auf DES<br/>[T] Kryptographie\ Modern\ Symmetrisch\ Block-Modi von symmetrischen Chiffren<br/>[T] Kryptographie\ Modern\ Symmetrisch\ DES-Chiffre<br/>[T] Kryptographie\ Modern\ Symmetrisch\ DES Komplement-Eigenschaft<br/>[T] Kryptographie\ Modern\ Symmetrisch\ Triple-DES-Chiffre<br/>[W] Verschlüsselungsverfahren\ Moderne Verschlüsselungsverfahren\ Symmetrische Verschlüsselungsverfahren\ DES<br/>[W] Kryptoanalyse\ Moderne Verschlüsselung\ Symmetrische Verschlüsselung\ DES\ Ciphertext-only-Analyse;2) Moderne Chiffren
CT2:de:static:57;Dynamic Group Keying (DGK);K;[K] Moderne Verfahren\ Asymmetrisch\ DGK<br/>[K] Moderne Verfahren\ Asymmetrisch\ DGK-Schlüsselgenerator;2) Moderne Chiffren
CT2:de:static:62;Grain v1;K\T;[K] Moderne Verfahren\ Symmetrisch\ Grain v1<br/>[T] Kryptographie\ Modern\ Symmetrisch\ Grain v1-Chiffre;2) Moderne Chiffren
CT2:de:static:63;HC128;K\T;[K] Moderne Verfahren\ Symmetrisch\ HC128<br/>[T] Kryptographie\ Modern\ Symmetrisch\ HC128-Chiffre;2) Moderne Chiffren
CT2:de:static:64;HIGHT;K;[K] Moderne Verfahren\ Symmetrisch\ HIGHT;2) Moderne Chiffren
CT2:de:static:66;LFSR;K\T;[K] Protokolle\ LFSR<br/>[T] Mathematisch\ Linear rückgekoppeltes Schieberegister (LFSR);2) Moderne Chiffren
CT2:de:static:73;Mickey 2;K\T;[K] Moderne Verfahren\ Symmetrisch\ Mickey 2<br/>[T] Kryptographie\ Modern\ Symmetrisch\ Mickey2-Chiffre;2) Moderne Chiffren
CT2:de:static:77;NLFSR;K\T;[K] Protokolle\ NLFSR<br/>[T] Mathematisch\ Nichtlinear rückgekoppeltes Schieberegister (NLFSR);2) Moderne Chiffren
CT2:de:static:78;Paillier-Verschlüsselungssystem;K\T;[K] Moderne Verfahren\ Asymmetrisch\ Paillier<br/>[T] Kryptographie\ Modern\ Asymmetrisch\ Paillier-Chiffre (Zahleneingabe)<br/>[T] Kryptographie\ Modern\ Asymmetrisch\ Paillier-Chiffre mit Addition<br/>[T] Kryptographie\ Modern\ Asymmetrisch\ Paillier-Chiffre mit Blinding<br/>[T] Kryptographie\ Modern\ Asymmetrisch\ Paillier-Schlüsselgenerator<br/>[T] Kryptographie\ Modern\ Asymmetrisch\ Paillier-Chiffre (Texteingabe)<br/>[T] Kryptographie\ Modern\ Asymmetrisch\ Paillier-Chiffre (Wahlen);2) Moderne Chiffren
CT2:de:static:79;PRESENT;K\T;[K] Moderne Verfahren\ Symmetrisch\ PRESENT<br/>[T] Kryptographie\ Modern\ Symmetrisch\ PRESENT-Chiffre<br/>[T] Werkzeuge\ Keccak-PRNG;2) Moderne Chiffren
CT2:de:static:80;Rabbit;K\T;[K] Moderne Verfahren\ Symmetrisch\ Rabbit<br/>[T] Kryptographie\ Modern\ Symmetrisch\ Rabbit-Chiffre;2) Moderne Chiffren
CT2:de:static:81;RC2;K\T\W;[K] Moderne Verfahren\ Symmetrisch\ RC2<br/>[T] Kryptoanalyse\ Modern\ DES Analyse per Entropie<br/>[T] Kryptographie\ Modern\ Symmetrisch\ RC2-Chiffre<br/>[W] Verschlüsselungsverfahren\ Moderne Verschlüsselungsverfahren\ Symmetrische Verschlüsselungsverfahren\ RC2;2) Moderne Chiffren
CT2:de:static:82;RC4;K\T;[K] Moderne Verfahren\ Symmetrisch\ RC4<br/>[T] Kryptographie\ Modern\ Symmetrisch\ RC4-Chiffre;2) Moderne Chiffren
CT2:de:static:85;Rijndael;K\T;[K] Moderne Verfahren\ Symmetrisch\ AES<br/>[T] Kryptographie\ Modern\ Symmetrisch\ AES*;2) Moderne Chiffren
CT2:de:static:86;RSA;K\T\W;[K] Moderne Verfahren\ Asymmetrisch\ RSA<br/>[T] Codes\ RSA-signierter QR-Code<br/>[T] Kryptographie\ Modern\ Asymmetrisch\ RSA-Chiffre<br/>[T] Kryptographie\ Modern\ Asymmetrisch\ RSA-Entschlüsselung<br/>[T] Kryptographie\ Modern\ Asymmetrisch\ RSA-Verschlüsselung<br/>[T] Protokolle\ Yaos Millionärs-Problem<br/>[W] Kryptoanalyse\ Moderne Verschlüsselung\ Asymmetrische Verschlüsselung\ RSA;2) Moderne Chiffren
CT2:de:static:90;Salsa20;K\T;[K] Moderne Verfahren\ Symmetrisch\ Salsa20<br/>[T] Kryptographie\ Modern\ Symmetrisch\ Salsa20-Chiffre;2) Moderne Chiffren
CT2:de:static:92;SHA-3 (Keccak)-Stromchiffre;;[T] Kryptographie\ Modern\ Symmetrisch\ Keccak Stromchiffre;2) Moderne Chiffren
CT2:de:static:95;Simple DES;K\T\W;[K] Moderne Verfahren\ Symmetrisch\ SDES<br/>[T] Kryptoanalyse\ Modern\ SDES Brute-Force-Analyse<br/>[T] Kryptoanalyse\ Modern\ SDES Analyse per Entropie<br/>[T] Kryptoanalyse\ Modern\ SDES Known-Plaintext-Analyse<br/>[T] Kryptographie\ Modern\ Symmetrisch\ SDES-Chiffre<br/>[W] Verschlüsselungsverfahren\ Moderne Verschlüsselungsverfahren\ Symmetrische Verschlüsselungsverfahren\ SDES<br/>[W] Kryptoanalyse\ Moderne Verschlüsselung\ Symmetrische Verschlüsselung\ SDES\ Ciphertext-only;2) Moderne Chiffren
CT2:de:static:96;Sosemanuk;K\T;[K] Moderne Verfahren\ Symmetrisch\ Sosemanuk<br/>[T] Kryptographie\ Modern\ Symmetrisch\ Sosemanuk-Chiffre;2) Moderne Chiffren
CT2:de:static:97;TEA;K\T\W;[K] Moderne Verfahren\ Symmetrisch\ TEA<br/>[T] Kryptographie\ Modern\ Symmetrisch\ TEA-Chiffre<br/>[W] Verschlüsselungsverfahren\ Moderne Verschlüsselungsverfahren\ Symmetrische Verschlüsselungsverfahren\ TEA;2) Moderne Chiffren
CT2:de:static:98;Trivium;K;[K] Moderne Verfahren\ Symmetrisch\ Trivium<br/>[T] Kryptoanalyse\ Modern\ Cube-Angriff auf Trivium;2) Moderne Chiffren
CT2:de:static:99;Twofish;K\T\W;[K] Moderne Verfahren\ Symmetrisch\ Twofish<br/>[T] Kryptographie\ Modern\ Symmetrisch\ Twofish-Chiffre<br/>[W] Verschlüsselungsverfahren\ Moderne Verschlüsselungsverfahren\ Symmetrische Verschlüsselungsverfahren\ Twofish;2) Moderne Chiffren
CT2:de:static:100;Wired Equivalent Privacy (WEP);K;[K] Protokolle\ WEP-Protokoll<br/>[T] Protokolle\ WEP-Angriff;2) Moderne Chiffren
CT2:de:static:103;BildHash;K\T;[K] Hash-Funktionen\ BildHash<br/>[T] Hash-Funktionen\ BildHash<br/>[T] Hash-Funktionen\ BildHash -- Weichzeichnungs-Vergleich;3) Hashverfahren und Authentifizierungscodes
CT2:de:static:104;BLAKE;K\T;[K] Hash-Funktionen\ BLAKE<br/>[T] Hash-Funktionen\ BLAKE<br/>[T] Hash-Funktionen\ Passwort-Speicherung mittels Salted BLAKE-256<br/>[T] Hash-Funktionen\ Passwort-Verifizierung mittels Salted BLAKE-256;3) Hashverfahren und Authentifizierungscodes
CT2:de:static:107;CRC;T;[T] Hash-Funktionen\ CRC Nullprobleme;3) Hashverfahren und Authentifizierungscodes
CT2:de:static:108;CRC-1/Partiy;K\T;[K] Hash-Funktionen\ CRC<br/>[T] Hash-Funktionen\ CRC;3) Hashverfahren und Authentifizierungscodes
CT2:de:static:109;CRC-10;K\T;[K] Hash-Funktionen\ CRC<br/>[T] Hash-Funktionen\ CRC;3) Hashverfahren und Authentifizierungscodes
CT2:de:static:110;CRC-11;K\T;[K] Hash-Funktionen\ CRC<br/>[T] Hash-Funktionen\ CRC;3) Hashverfahren und Authentifizierungscodes
CT2:de:static:111;CRC-12/3GPP;K\T;[K] Hash-Funktionen\ CRC<br/>[T] Hash-Funktionen\ CRC;3) Hashverfahren und Authentifizierungscodes
CT2:de:static:112;CRC-12/DECT;K\T;[K] Hash-Funktionen\ CRC<br/>[T] Hash-Funktionen\ CRC;3) Hashverfahren und Authentifizierungscodes
CT2:de:static:113;CRC-14/DARC;K\T;[K] Hash-Funktionen\ CRC<br/>[T] Hash-Funktionen\ CRC;3) Hashverfahren und Authentifizierungscodes
CT2:de:static:114;CRC-15;K\T;[K] Hash-Funktionen\ CRC<br/>[T] Hash-Funktionen\ CRC;3) Hashverfahren und Authentifizierungscodes
CT2:de:static:115;CRC-15/MPT1327;K\T;[K] Hash-Funktionen\ CRC<br/>[T] Hash-Funktionen\ CRC;3) Hashverfahren und Authentifizierungscodes
CT2:de:static:116;CRC-16;K\T;[K] Hash-Funktionen\ CRC<br/>[T] Hash-Funktionen\ CRC;3) Hashverfahren und Authentifizierungscodes
CT2:de:static:117;CRC-16/AUG-CCITT;K\T;[K] Hash-Funktionen\ CRC<br/>[T] Hash-Funktionen\ CRC;3) Hashverfahren und Authentifizierungscodes
CT2:de:static:118;CRC-16/BUYPASS;K\T;[K] Hash-Funktionen\ CRC<br/>[T] Hash-Funktionen\ CRC;3) Hashverfahren und Authentifizierungscodes
CT2:de:static:119;CRC-16/CCITT-FALSE;K\T;[K] Hash-Funktionen\ CRC<br/>[T] Hash-Funktionen\ CRC;3) Hashverfahren und Authentifizierungscodes
CT2:de:static:120;CRC-16/DDS-110;K\T;[K] Hash-Funktionen\ CRC<br/>[T] Hash-Funktionen\ CRC;3) Hashverfahren und Authentifizierungscodes
CT2:de:static:121;CRC-16/DECT-R;K\T;[K] Hash-Funktionen\ CRC<br/>[T] Hash-Funktionen\ CRC;3) Hashverfahren und Authentifizierungscodes
CT2:de:static:122;CRC-16/DECT-X;K\T;[K] Hash-Funktionen\ CRC<br/>[T] Hash-Funktionen\ CRC;3) Hashverfahren und Authentifizierungscodes
CT2:de:static:123;CRC-16/DNP;K\T;[K] Hash-Funktionen\ CRC<br/>[T] Hash-Funktionen\ CRC;3) Hashverfahren und Authentifizierungscodes
CT2:de:static:124;CRC-16/EN-13757;K\T;[K] Hash-Funktionen\ CRC<br/>[T] Hash-Funktionen\ CRC;3) Hashverfahren und Authentifizierungscodes
CT2:de:static:125;CRC-16/GENIBUS;K\T;[K] Hash-Funktionen\ CRC<br/>[T] Hash-Funktionen\ CRC;3) Hashverfahren und Authentifizierungscodes
CT2:de:static:126;CRC-16/IBM-SDLC;K\T;[K] Hash-Funktionen\ CRC<br/>[T] Hash-Funktionen\ CRC;3) Hashverfahren und Authentifizierungscodes
CT2:de:static:127;CRC-16/MAXIM;K\T;[K] Hash-Funktionen\ CRC<br/>[T] Hash-Funktionen\ CRC;3) Hashverfahren und Authentifizierungscodes
CT2:de:static:128;CRC-16/MCRF4XX;K\T;[K] Hash-Funktionen\ CRC<br/>[T] Hash-Funktionen\ CRC;3) Hashverfahren und Authentifizierungscodes
CT2:de:static:129;CRC-16/RIELLO;K\T;[K] Hash-Funktionen\ CRC<br/>[T] Hash-Funktionen\ CRC;3) Hashverfahren und Authentifizierungscodes
CT2:de:static:130;CRC-16/T10-DIF;K\T;[K] Hash-Funktionen\ CRC<br/>[T] Hash-Funktionen\ CRC;3) Hashverfahren und Authentifizierungscodes
CT2:de:static:131;CRC-16/TELEDISK;K\T;[K] Hash-Funktionen\ CRC<br/>[T] Hash-Funktionen\ CRC;3) Hashverfahren und Authentifizierungscodes
CT2:de:static:132;CRC-16/TMS37157;K\T;[K] Hash-Funktionen\ CRC<br/>[T] Hash-Funktionen\ CRC;3) Hashverfahren und Authentifizierungscodes
CT2:de:static:133;CRC-16/USB;K\T;[K] Hash-Funktionen\ CRC<br/>[T] Hash-Funktionen\ CRC;3) Hashverfahren und Authentifizierungscodes
CT2:de:static:134;CRC-24/FLEXRAY-A;K\T;[K] Hash-Funktionen\ CRC<br/>[T] Hash-Funktionen\ CRC;3) Hashverfahren und Authentifizierungscodes
CT2:de:static:135;CRC-24/FLEXRAY-B;K\T;[K] Hash-Funktionen\ CRC<br/>[T] Hash-Funktionen\ CRC;3) Hashverfahren und Authentifizierungscodes
CT2:de:static:136;CRC-24/OPENPGP;K\T;[K] Hash-Funktionen\ CRC<br/>[T] Hash-Funktionen\ CRC;3) Hashverfahren und Authentifizierungscodes
CT2:de:static:137;CRC-3/ROHC;K\T;[K] Hash-Funktionen\ CRC<br/>[T] Hash-Funktionen\ CRC;3) Hashverfahren und Authentifizierungscodes
CT2:de:static:138;CRC-31/PHILIPS;K\T;[K] Hash-Funktionen\ CRC<br/>[T] Hash-Funktionen\ CRC;3) Hashverfahren und Authentifizierungscodes
CT2:de:static:139;CRC-32;K\T;[K] Hash-Funktionen\ CRC<br/>[T] Hash-Funktionen\ CRC;3) Hashverfahren und Authentifizierungscodes
CT2:de:static:140;CRC-32/BZIP2;K\T;[K] Hash-Funktionen\ CRC<br/>[T] Hash-Funktionen\ CRC;3) Hashverfahren und Authentifizierungscodes
CT2:de:static:141;CRC-32/MPEG-2;K\T;[K] Hash-Funktionen\ CRC<br/>[T] Hash-Funktionen\ CRC;3) Hashverfahren und Authentifizierungscodes
CT2:de:static:142;CRC-32/POSIX;K\T;[K] Hash-Funktionen\ CRC<br/>[T] Hash-Funktionen\ CRC;3) Hashverfahren und Authentifizierungscodes
CT2:de:static:143;CRC-32C;K\T;[K] Hash-Funktionen\ CRC<br/>[T] Hash-Funktionen\ CRC;3) Hashverfahren und Authentifizierungscodes
CT2:de:static:144;CRC-32D;K\T;[K] Hash-Funktionen\ CRC<br/>[T] Hash-Funktionen\ CRC;3) Hashverfahren und Authentifizierungscodes
CT2:de:static:145;CRC-32Q;K\T;[K] Hash-Funktionen\ CRC<br/>[T] Hash-Funktionen\ CRC;3) Hashverfahren und Authentifizierungscodes
CT2:de:static:146;CRC-4/ITU;K\T;[K] Hash-Funktionen\ CRC<br/>[T] Hash-Funktionen\ CRC;3) Hashverfahren und Authentifizierungscodes
CT2:de:static:147;CRC-40/GSM;K\T;[K] Hash-Funktionen\ CRC<br/>[T] Hash-Funktionen\ CRC;3) Hashverfahren und Authentifizierungscodes
CT2:de:static:148;CRC-5/EPC;K\T;[K] Hash-Funktionen\ CRC<br/>[T] Hash-Funktionen\ CRC;3) Hashverfahren und Authentifizierungscodes
CT2:de:static:149;CRC-5/ITU;K\T;[K] Hash-Funktionen\ CRC<br/>[T] Hash-Funktionen\ CRC;3) Hashverfahren und Authentifizierungscodes
CT2:de:static:150;CRC-5/USB;K\T;[K] Hash-Funktionen\ CRC<br/>[T] Hash-Funktionen\ CRC;3) Hashverfahren und Authentifizierungscodes
CT2:de:static:151;CRC-6/DARC;K\T;[K] Hash-Funktionen\ CRC<br/>[T] Hash-Funktionen\ CRC;3) Hashverfahren und Authentifizierungscodes
CT2:de:static:152;CRC-6/ITU;K\T;[K] Hash-Funktionen\ CRC<br/>[T] Hash-Funktionen\ CRC;3) Hashverfahren und Authentifizierungscodes
CT2:de:static:153;CRC-64;K\T;[K] Hash-Funktionen\ CRC<br/>[T] Hash-Funktionen\ CRC;3) Hashverfahren und Authentifizierungscodes
CT2:de:static:154;CRC-64/1B;K\T;[K] Hash-Funktionen\ CRC<br/>[T] Hash-Funktionen\ CRC;3) Hashverfahren und Authentifizierungscodes
CT2:de:static:155;CRC-64/Jones;K\T;[K] Hash-Funktionen\ CRC<br/>[T] Hash-Funktionen\ CRC;3) Hashverfahren und Authentifizierungscodes
CT2:de:static:156;CRC-64/WE;K\T;[K] Hash-Funktionen\ CRC<br/>[T] Hash-Funktionen\ CRC;3) Hashverfahren und Authentifizierungscodes
CT2:de:static:157;CRC-7;K\T;[K] Hash-Funktionen\ CRC<br/>[T] Hash-Funktionen\ CRC;3) Hashverfahren und Authentifizierungscodes
CT2:de:static:158;CRC-7/ROHC;K\T;[K] Hash-Funktionen\ CRC<br/>[T] Hash-Funktionen\ CRC;3) Hashverfahren und Authentifizierungscodes
CT2:de:static:159;CRC-8;K\T;[K] Hash-Funktionen\ CRC<br/>[T] Hash-Funktionen\ CRC;3) Hashverfahren und Authentifizierungscodes
CT2:de:static:160;CRC-8/CCITT;K\T;[K] Hash-Funktionen\ CRC<br/>[T] Hash-Funktionen\ CRC;3) Hashverfahren und Authentifizierungscodes
CT2:de:static:161;CRC-8/DARC;K\T;[K] Hash-Funktionen\ CRC<br/>[T] Hash-Funktionen\ CRC;3) Hashverfahren und Authentifizierungscodes
CT2:de:static:162;CRC-8/EBU;K\T;[K] Hash-Funktionen\ CRC<br/>[T] Hash-Funktionen\ CRC;3) Hashverfahren und Authentifizierungscodes
CT2:de:static:163;CRC-8/I-CODE;K\T;[K] Hash-Funktionen\ CRC<br/>[T] Hash-Funktionen\ CRC;3) Hashverfahren und Authentifizierungscodes
CT2:de:static:164;CRC-8/ITU;K\T;[K] Hash-Funktionen\ CRC<br/>[T] Hash-Funktionen\ CRC;3) Hashverfahren und Authentifizierungscodes
CT2:de:static:165;CRC-8/J1850;K\T;[K] Hash-Funktionen\ CRC<br/>[T] Hash-Funktionen\ CRC;3) Hashverfahren und Authentifizierungscodes
CT2:de:static:166;CRC-8/MAXIM;K\T;[K] Hash-Funktionen\ CRC<br/>[T] Hash-Funktionen\ CRC;3) Hashverfahren und Authentifizierungscodes
CT2:de:static:167;CRC-8/ROHC;K\T;[K] Hash-Funktionen\ CRC<br/>[T] Hash-Funktionen\ CRC;3) Hashverfahren und Authentifizierungscodes
CT2:de:static:168;CRC-8/WCDMA;K\T;[K] Hash-Funktionen\ CRC<br/>[T] Hash-Funktionen\ CRC;3) Hashverfahren und Authentifizierungscodes
CT2:de:static:169;CRC-A;K\T;[K] Hash-Funktionen\ CRC<br/>[T] Hash-Funktionen\ CRC;3) Hashverfahren und Authentifizierungscodes
CT2:de:static:172;Grøstl;K\T;[K] Hash-Funktionen\ Grøstl<br/>[T] Hash-Funktionen\ Grøstl<br/>[T] Hash-Funktionen\ Passwort-Speicherung mittels Salted Grøstl-256<br/>[T] Hash-Funktionen\ Passwort-Verifizierung mittels Salted Grøstl-256;3) Hashverfahren und Authentifizierungscodes
CT2:de:static:174;HMACs;K\T;[K] Protokolle\ HMAC<br/>[T] Hash-Funktionen\ HMAC;3) Hashverfahren und Authentifizierungscodes
CT2:de:static:175;JAMCRC;K\T;[K] Hash-Funktionen\ CRC<br/>[T] Hash-Funktionen\ CRC;3) Hashverfahren und Authentifizierungscodes
CT2:de:static:176;KERMIT;K\T;[K] Hash-Funktionen\ CRC<br/>[T] Hash-Funktionen\ CRC;3) Hashverfahren und Authentifizierungscodes
CT2:de:static:179;MD5;K\T\W;[K] Hash-Funktionen\ MD5<br/>[T] Codes\ RSA-signierter QR-Code<br/>[T] Kryptographie\ Modern\ Symmetrisch\ AES mit PKCS#5<br/>[T] Hash-Funktionen\ HMAC<br/>[T] Hash-Funktionen\ MD5<br/>[T] Hash-Funktionen\ MD5-Kollisionsfinder<br/>[T] Hash-Funktionen\ MD5 Salted-Hash-Vergleich<br/>[W] Kryptoanalyse\ Moderne Verschlüsselung\ Hash-Funktionen\ MD5;3) Hashverfahren und Authentifizierungscodes
CT2:de:static:180;MODBUS;K\T;[K] Hash-Funktionen\ CRC<br/>[T] Hash-Funktionen\ CRC;3) Hashverfahren und Authentifizierungscodes
CT2:de:static:181;Password-Speicherung mittels Salted SHA-1;T;[T] Hash-Funktionen\ Password-Speicherung mittels Salted SHA-1;3) Hashverfahren und Authentifizierungscodes
CT2:de:static:182;Password-Verifizierung mittels Salted SHA-1;T;[T] Hash-Funktionen\ Password-Verifizierung mittels Salted SHA-1;3) Hashverfahren und Authentifizierungscodes
CT2:de:static:183;PKCS#5;K\T;[T] Codes\ AES (CBC) mit PKCS#5 und IV, Ausgabe als QR-Code<br/>[T] Codes\ QR-Code-Verschlüsselung<br/>[T] Kryptographie\ Modern\ Symmetrisch\ AES mit PKCS#5<br/>[T] Kryptographie\ Modern\ Symmetrisch\ AES (CBC) mit PKCS#5 und IV<br/>[T] Kryptographie\ Modern\ Symmetrisch\ AES (ECB) mit PKCS#5<br/>[T] Werkzeuge\ Einfacher Video-Audio-Chat mit AES-Verschlüsselung<br/>[T] Werkzeuge\ Diffie-Hellman AES-Video-Audio-Chat;3) Hashverfahren und Authentifizierungscodes
CT2:de:static:184;RIPEMD;K\T\W;[K] Hash-Funktionen\ RIPEMD160<br/>[T] Hash-Funktionen\ RIPEMD160;3) Hashverfahren und Authentifizierungscodes
CT2:de:static:185;Schlüssel aus Passwort generieren (PKCS #5);W;[W] Werkzeuge\ Verschlüsseln mit Passwort;3) Hashverfahren und Authentifizierungscodes
CT2:de:static:186;SHA;K\T;[K] Hash-Funktionen\ SHA<br/>[T] Kryptographie\ Modern\ Symmetrisch\ AES-Chiffre mit SHA-Hashwerten<br/>[T] Hash-Funktionen\ Wörterbuchangriff<br/>[T] Hash-Funktionen\ PBKDF-1 (PKCS#5 2.0)<br/>[T] Hash-Funktionen\ SHA-1 Kollision<br/>[T] Hash-Funktionen\ SHA-1<br/>[T] Hash-Funktionen\ SHA-256<br/>[T] Protokolle\ Coin-Flipping-Protokoll<br/>[T] Werkzeuge\ Passwort-Generator<br/>[T] Werkzeuge\ Einfacher AES-Chat;3) Hashverfahren und Authentifizierungscodes
CT2:de:static:187;SHA-1;K\T\W;[K] Hash-Funktionen\ SHA<br/>[T] Hash-Funktionen\ SHA1<br/>[W] Hash-Funktionen\ SHA-1;3) Hashverfahren und Authentifizierungscodes
CT2:de:static:188;SHA-256;K\T\W;[K] Hash-Funktionen\ SHA<br/>[T] Hash-Funktionen\ SHA256<br/>[W] Hash-Funktionen\ SHA-256;3) Hashverfahren und Authentifizierungscodes
CT2:de:static:189;SHA-384;K;[K] Hash-Funktionen\ SHA;3) Hashverfahren und Authentifizierungscodes
CT2:de:static:191;SHA-3 (Keccak);K\T;[K] Hash-Funktionen\ Keccak<br/>[T] Hash-Funktionen\ Keccak Hash (SHA-3)<br/>[T] Werkzeuge\ Keccak-PRNG;3) Hashverfahren und Authentifizierungscodes
CT2:de:static:192;SHA-512;K;[K] Hash-Funktionen\ SHA;3) Hashverfahren und Authentifizierungscodes
CT2:de:static:193;Tiger;K\T\W;[K] Hash-Funktionen\ Tiger<br/>[T] Hash-Funktionen\ Tiger<br/>[W]Hash-Funktionen\ Tiger;3) Hashverfahren und Authentifizierungscodes
CT2:de:static:196;Whirlpool;K\T\W;[K] Hash-Funktionen\ Whirlpool<br/>[T] Hash-Funktionen\ Whirlpool<br/>[W] Hash-Funktionen\ Whirlpool;3) Hashverfahren und Authentifizierungscodes
CT2:de:static:197;XFER;K\T;[K] Hash-Funktionen\ CRC<br/>[T] Hash-Funktionen\ CRC;3) Hashverfahren und Authentifizierungscodes
CT2:de:static:198;XMODEM;K\T;[K] Hash-Funktionen\ CRC<br/>[T] Hash-Funktionen\ CRC;3) Hashverfahren und Authentifizierungscodes
CT2:de:static:224;SHA-3 (Keccak) (PRNG);T;[T] Werkzeuge\ Keccak PRNG;5) Zufallszahlen-Generatoren
CT2:de:static:226;Zufallszahlen;K\T\W;[K] Werkzeuge\ Sonstige\ Zufallszahlenliste<br/>[T] Protokolle\ Oblivious Transfer-Protokoll (1 aus n)<br/>[W] Werkzeuge\ Zufallszahlen;5) Zufallszahlen-Generatoren
CT2:de:static:227;Zufallszahlengenerator;K\T;[K] Werkzeuge\ Daten-Ein-/Ausgabe\ Zufallszahlengenerator<br/>[T] Codes\ AES (CBC) mit PKCS#5 und IV, Ausgabe als QR-Code<br/>[T] Codes\ QR-Code-Verschlüsselung<br/>[T] Kryptographie\ Modern\ Symmetrisch\ AES (CBC) mit PKCS#5 und IV<br/>[T] Kryptographie\ Modern\ Symmetrisch\ PRESENT-Chiffre<br/>[T] Mathematisch\ Dezimalisierung<br/>[T] Werkzeuge\ Passwort-Generator<br/>[T] Werkzeuge\ Zufällige Dezimalzahl;5) Zufallszahlen-Generatoren
CT2:de:static:231;Alphabete;K;[K] Werkzeuge\ Daten-Ein-/Ausgabe\ Alphabete;6) Klassische Kryptoanalyse
CT2:de:static:232;Alphabet-Permutierer;K\T;[K] Werkzeuge\ Datenfluss\ Alphabet-Permutierer<br/>[T] Kryptographie\ Klassisch\ Substitutions-Chiffre mit Passwort;6) Klassische Kryptoanalyse
CT2:de:static:234;Autokorrelation;K;[K] Kryptoanalyse\ Generisch\ Autokorrelation;6) Klassische Kryptoanalyse
CT2:de:static:236;Caesar-Analyse;K\T\W;[K] Kryptoanalyse\ Spezifisch\ Caesar-Analyse<br/>[T] Kryptoanalyse\ Klassisch\ Caesar Analyse mittels Buchstabenhäufigkeiten<br/>[T] Kryptoanalyse\ Klassisch\ Caesar Brute-Force-Analyse<br/>[W] Kryptoanalyse\ Klassische Verschlüsselung\ Caesar;6) Klassische Kryptoanalyse
CT2:de:static:237;Cyphermatrix (Experimentelle Chiffre);K\T;NICHT im offiziellem Release (nur auf Plugin-Seite);6) Klassische Kryptoanalyse
CT2:de:static:238;Datenstrom-Vergleich;K;[K] Werkzeuge\ Sonstige\ Datenstrom-Vergleicher;6) Klassische Kryptoanalyse
CT2:de:static:239;Enigma-Angriff;K\T\W;[K] Kryptoanalyse\ Spezifisch\ Enigma<br/>[T] Kryptoanalyse\ Klassisch\ Enigma Analyse<br/>[W] Kryptoanalyse\ Klassische Verschlüsselung\ Enigma;6) Klassische Kryptoanalyse
CT2:de:static:240;Entropie;K;[K] Kryptoanalyse\ Generisch\ Kostenfunktion;6) Klassische Kryptoanalyse
CT2:de:static:241;Friedman-Test;K;[K] Kryptoanalyse\ Generisch\ Friedman-Test<br/>[T] Kryptoanalyse\ Klassisch\ Enigma Analyse<br/>[T] Kryptoanalyse\ Klassisch\ Statistiktests für klassische Chiffren;6) Klassische Kryptoanalyse
CT2:de:static:242;Häufigkeitsanalyse;K\T;[K] Kryptoanalyse\ Generisch\ Frequenzanalyse<br/>[T] Kryptoanalyse\ Klassisch\ Caesar Analyse mittels Buchstabenhäufigkeiten<br/>[T] Kryptoanalyse\ Klassisch\ Enigma Analyse<br/>[T] Kryptoanalyse\ Klassisch\ Frequenzanalyse<br/>[T] Kryptoanalyse\ Klassisch\ Statistiktests für klassische Chiffren;6) Klassische Kryptoanalyse
CT2:de:static:245;IDP-Analyse;K\T;[K] Kryptoanalyse\ Spezifisch\ IDP-Analyse<br/>[T] Kryptoanalyse\ Klassisch\ Wörterbuchangriff auf die doppelte Spaltentransposition;6) Klassische Kryptoanalyse
CT2:de:static:246;Kasiski-Test;K;[K] Kryptoanalyse\ Generisch\ Kasiski-Test;6) Klassische Kryptoanalyse
CT2:de:static:247;M-138 Analysewerkzeug;K\T;[K] Kryptoanalyse\ Spezifisch\ M-138 Analysewerkzeug<br/>[T] Kryptoanalyse\ Klassisch\ Ciphertext-Only Angriff auf M-138<br/>[T] Kryptoanalyse\ Klassisch\ Known-Plaintext Angriff auf M-138<br/>[T] Kryptoanalyse\ Klassisch\ Partially Known-Plaintext Angriff auf M-138;6) Klassische Kryptoanalyse
CT2:de:static:248;Monoalphabetische Substitution;K\T\W;[W] Kryptoanalyse\ Klassische Verschlüsselung\ Monoalphabetische Substitution<br/>[K] Kryptoanalyse\ Spezifisch\ Monoalphabetische Substitutionsanalyse<br/>[T] Kryptoanalyse\ Klassisch\ Angriff auf die monoalphabetische Substitution;6) Klassische Kryptoanalyse
CT2:de:static:253;Skytale-Analyse;T\W;[K] Klassische Verfahren\ Skytale<br/>[T] Kryptoanalyse\ Klassisch\ Skytale Brute-Force-Analyse<br/>[T] Kryptographie\ Klassisch\ Skytale-Chiffre<br/>[W] Verschlüsselungsverfahren\ Klassische Verschlüsselungsverfahren\ Skytale<br/>[W] Kryptoanalyse\ Klassische Verschlüsselung\ Skytale;6) Klassische Kryptoanalyse
CT2:de:static:254;Solitaire-Analyse;K\T;[K] Kryptoanalyse\ Spezifisch\ Solitaire-Analyse<br/>[T] Kryptoanalyse\ Klassisch\ Solitaire Brute-Force-Analyse;6) Klassische Kryptoanalyse
CT2:de:static:256;Transkriptor;K\T;[K] Kryptoanalyse\ Generisch\ Transkriptor<br/>[T] Kryptoanalyse\ Klassisch\ Transkriptor im manuellen Modus<br/>[T] Kryptoanalyse\ Klassisch\ Transkriptor im semi-automatischen Modus;6) Klassische Kryptoanalyse
CT2:de:static:257;Transpositions-Analyse;K\T\W;[K] Kryptoanalyse\ Spezifisch\ Transpositions-Analyse<br/>[T] Kryptoanalyse\ Klassisch\ Wörterbuchangriff auf die doppelte Spaltentransposition<br/>[T] Kryptoanalyse\ Klassisch\ Transposition Brute-Force-Analyse<br/>[T] Kryptoanalyse\ Klassisch\ Transposition Crib-Analyse<br/>[T] Kryptoanalyse\ Klassisch\ Transposition Genetische Analyse<br/>[T] Kryptoanalyse\ Klassisch\ Transposition Hill-Climbing-Analyse<br/>[W] Kryptoanalyse\ Klassische Verschlüsselung\ Transposition\ Brute-force<br/>[W] Kryptoanalyse\ Klassische Verschlüsselung\ Transposition\ Crib<br/>[W] Kryptoanalyse\ Klassische Verschlüsselung\ Transposition\ Genetisch;6) Klassische Kryptoanalyse
CT2:de:static:259;Vigenère-Analyse;T;[T] Kryptoanalyse\ Klassisch\ Kryptos K1 Analyse<br/>[T] Kryptoanalyse\ Klassisch\ Kryptos K2 Analyse;6) Klassische Kryptoanalyse
CT2:de:static:261;Wörterbuchsuche;K;[K] Werkzeuge\ Daten-Ein-/Ausgabe\ Wörterbuch<br/>[T] Kryptoanalyse\ Klassisch\ Caesar Brute-Force-Analyse<br/>[T] Kryptoanalyse\ Klassisch\ Skytale Brute-Force-Analyse<br/>[T] Kryptoanalyse\ Klassisch\ Solitaire Brute-Force-Analyse<br/>[T] Kryptoanalyse\ Klassisch\ Wortmusteranalyse<br/>[T] Hash-Funktionen\ Wörterbuchangriff<br/>[K] Kryptoanalyse\ Generisch\ Wörterbuch-Suche<br/>[T] Kryptoanalyse\ Klassisch\ Caesar Brute-Force-Analyse<br/>[T] Kryptoanalyse\ Klassisch\ Skytale Brute-Force-Analyse;6) Klassische Kryptoanalyse
CT2:de:static:262;Wortmuster-Analyse;K\T;[K] Kryptoanalyse\ Generisch\ Wortmuster<br/>[T] Kryptoanalyse\ Klassisch\ Wortmusteranalyse<br/>[T] Kryptoanalyse\ Klassisch\ Wortmusteranalyse mit selbstdefiniertem Wörterbuch;6) Klassische Kryptoanalyse
CT2:de:static:264;3DES Brute-Force-Angriff;K\T;[K] Kryptoanalyse\ Spezifisch\ Schlüsselsucher<br/>[T] Kryptoanalyse\ Modern\ Triple-DES Brute-Force-Analyse;7) Moderne Kryptoanalyse
CT2:de:static:265;Avalanche-Visualisierung;K\T;[K] Werkzeuge\ Sonstige\ Avalanche-Visualisierung<br/>[T] Kryptoanalyse\ Modern\ Avalanche (AES)<br/>[T] Kryptoanalyse\ Modern\ Avalanche (klassische Verschlüsselungsverfahren)<br/>[T] Kryptoanalyse\ Modern\ Avalanche (Vergleich klassischer Verschlüsselungsverfahren)<br/>[T] Kryptoanalyse\ Modern\ Avalanche (DES)<br/>[T] Kryptoanalyse\ Modern\ Avalanche (Hashverfahren)<br/>[T] Kryptoanalyse\ Modern\ Avalanche (moderne Verschlüsselungsverfahren);7) Moderne Kryptoanalyse
CT2:de:static:266;AES Brute-Force-Angriff;K\T\W;[K] Kryptoanalyse\ Spezifisch\ Schlüsselsucher<br/>[T] Kryptoanalyse\ Modern\ AES*<br/>[W] Kryptoanalyse\ Moderne Verschlüsselung\ Symmetrische Verschlüsselung\ AES*;7) Moderne Kryptoanalyse
CT2:de:static:267;Allgemeines Zahlkörper-Sieb;K\T;[K] Kryptoanalyse\ Generisch\ General Number Field Sieve (GNFS)<br/>[T] Mathematisch\ Faktorisierung mit dem allgemeinen Zahlkörpersieb (GNFS);7) Moderne Kryptoanalyse
CT2:de:static:268;Berlekamp-Massey-Algorithmus;K\T;[K] Kryptoanalyse\ Generisch\ Berlekamp-Massey-Algorithmus<br/>[T] Mathematisch\ Berlekamp-Massey;7) Moderne Kryptoanalyse
CT2:de:static:269;Bit-Commitment-Protokoll;K\T;[K] Protokolle\ Bit-Commitment-Protokoll<br/>[T] Mathematisch\ ISAP Bit-Commitment-Protokoll;7) Moderne Kryptoanalyse
CT2:de:static:270;Cube-Angriff;K\T;[K] Kryptoanalyse\ Spezifisch\ Cube-Angriff<br/>[T] Kryptoanalyse\ Modern\ Cube-Angriff auf Trivium;7) Moderne Kryptoanalyse
CT2:de:static:271;DES Brute-Force-Angriff;K\T\W;[K] Kryptoanalyse\ Spezifisch\ Schlüsselsucher<br/>[T] Kryptoanalyse\ Modern\ DES*<br/>[W] Kryptoanalyse\ Moderne Verschlüsselung\ Symmetrische Verschlüsselung\ DES*;7) Moderne Kryptoanalyse
CT2:de:static:275;Diskreter Logarithmus;K\T;[K] Kryptoanalyse\ Generisch\ Diskreter Logarithmus<br/>[T] Mathematisch\ Diskreter Logarithmus;7) Moderne Kryptoanalyse
CT2:de:static:278;Heartbleed-Analyse;W;[W] Werkzeuge\ Heartbleed-Analyse;7) Moderne Kryptoanalyse
CT2:de:static:280;Kostenfunktion;K\T;[K] Kryptoanalyse\ Generisch\ Kostenfunktion<br/>[T] Kryptoanalyse\ Klassisch\ Transposition Brute-Force-Analyse<br/>[T] Kryptoanalyse\ Klassisch\ Transposition Crib-Analyse<br/>[T] Kryptoanalyse\ Klassisch\ Transposition Genetische Analyse<br/>[T] Kryptoanalyse\ Klassisch\ Transposition Hill-Climbing-Analyse<br/>[T] Kryptoanalyse\ Modern\ AES Analyse per Entropie (1)<br/>[T] Kryptoanalyse\ Modern\ AES Known-Plaintext-Analyse (1)<br/>[T] Kryptoanalyse\ Modern\ DES Analyse per Entropie<br/>[T] Kryptoanalyse\ Modern\ DES Known-Plaintext-Analyse<br/>[T] Kryptoanalyse\ Modern\ AES Analyse per Entropie (2)<br/>[T] Kryptoanalyse\ Modern\ AES Known-Plaintext-Analyse (2)<br/>[T] Kryptoanalyse\ Modern\ DES Brute-Force-Analyse<br/>[T] Kryptoanalyse\ Modern\ SDES Brute-Force-Analyse<br/>[T] Kryptoanalyse\ Modern\ Triple-DES Brute-Force-Analyse<br/>[T] Kryptoanalyse\ Modern\ SDES Analyse per Entropie<br/>[T] Kryptoanalyse\ Modern\ SDES Known-Plaintext-Analyse;7) Moderne Kryptoanalyse
CT2:de:static:282;MD5-Kollisionen;K\T;[K] Hash-Funktionen\ MD5-Kollisionsgenerator<br/>[T] Hash-Funktionen\ MD5-Kollisionsfinder;7) Moderne Kryptoanalyse
CT2:de:static:283;Padding Oracle;K\T;[K] Werkzeuge\ Sonstige\ Padding Oracle<br/>[T] Kryptoanalyse\ Modern\ Padding-Orakel-Angriff auf AES<br/>[T] Kryptoanalyse\ Modern\ Padding-Orakel-Angriff auf DES;7) Moderne Kryptoanalyse
CT2:de:static:284;Padding Oracle-Angriff gegen AES;T;[T] Kryptoanalyse\ Modern\ Padding-Orakel-Angriff auf AES;7) Moderne Kryptoanalyse
CT2:de:static:285;Padding Oracle-Angriff gegen DES;T;[T] Kryptoanalyse\ Modern\ Padding-Orakel-Angriff auf DES;7) Moderne Kryptoanalyse
CT2:de:static:287;Quadratisches Sieb (QS);K\T;[K] Kryptoanalyse\ Generisch\ Quadratisches Sieb (QS)<br/>[T] Mathematisch\ Faktorisierung mit Quadratischem Sieb (QS);7) Moderne Kryptoanalyse
CT2:de:static:288;RC2 Brute-Force-Angriff;K;[K] Kryptoanalyse\ Spezifisch\ Schlüsselsucher;7) Moderne Kryptoanalyse
CT2:de:static:291;RSA-Angriff;W;[W] Kryptoanalyse\ Moderne Verschlüsselung\ Asymmetrische Verschlüsselung\ RSA;7) Moderne Kryptoanalyse
CT2:de:static:292;Schlüsselsucher;K\T;[K] Kryptoanalyse\ Spezifisch\ Schlüsselsucher<br/>[T] Kryptoanalyse\ Modern\ AES Analyse per Entropie (1)<br/>[T] Kryptoanalyse\ Modern\ AES Known-Plaintext-Analyse (1)<br/>[T] Kryptoanalyse\ Modern\ DES Analyse per Entropie<br/>[T] Kryptoanalyse\ Modern\ DES Known-Plaintext-Analyse<br/>[T] Kryptoanalyse\ Modern\ AES Analyse per Entropie (2)<br/>[T] Kryptoanalyse\ Modern\ AES Known-Plaintext-Analyse (2)<br/>[T] Kryptoanalyse\ Modern\ DES Brute-Force-Analyse<br/>[T] Kryptoanalyse\ Modern\ SDES Brute-Force-Analyse<br/>[T] Kryptoanalyse\ Modern\ Triple-DES Brute-Force-Analyse<br/>[T] Kryptoanalyse\ Modern\ SDES Analyse per Entropie<br/>[T] Kryptoanalyse\ Modern\ SDES Known-Plaintext-Analyse;7) Moderne Kryptoanalyse
CT2:de:static:293;SDES Brute-Force-Angriff;K\T\W;[K] Kryptoanalyse\ Spezifisch\ Schlüsselsucher<br/>[T] Kryptoanalyse\ Modern\ SDES*<br/>[W] Kryptoanalyse\ Moderne Verschlüsselung\ Symmetrische Verschlüsselung\ SDES*;7) Moderne Kryptoanalyse
CT2:de:static:299;WEP-Angriff;K\T;[K] Protokolle\ Angriffe auf das WEP-Protokoll<br/>[T] Protokolle\ WEP-Angriff;7) Moderne Kryptoanalyse
CT2:de:static:301;LSB-Steganographie;K\T;[K] Steganographie\ LSB-Steganographie<br/>[T] Steganographie\ Steganographie Niedrigstwertiges Bit Entschlüsselung<br/>[T] Steganographie\ Steganographie Niedrigstwertiges Bit Verschlüsselung<br/>[T] Steganographie\ Steganographie Niedrigstwertiges Bit Datenübertragung;8) Steganographie
CT2:de:static:302;Steganographie Einsetzung;K\T;[K] Steganographie\ Einfüge-Steganographie<br/>[T] Steganographie\ Steganographie Einsetzung Entschlüsselung<br/>[T] Steganographie\ Steganographie Einsetzung Verschlüsselung<br/>[T] Steganographie\ Steganographie Permutation Verschlüsselung;8) Steganographie
CT2:de:static:303;Steganographie Niedrigstwertiges Bit;K\T;[K] Steganographie\ LSB-Steganographie\<br/>[T] Steganographie\ Steganographie Niedrigstwertiges Bit*;8) Steganographie
CT2:de:static:304;Steganographie Permutation;K\T;[K] Steganographie\ Permutations-Steganographie<br/>[T] Steganographie\ Steganographie Permutation Entschlüsselung<br/>[T] Steganographie\ Steganographie Permutation Bildübertragung;8) Steganographie
CT2:de:static:305;Wasserzeichen-Generator;K\T;[K] Steganographie\ Wasserzeichen-Generator<br/>[T] Steganographie\ Wasserzeichen-Erzeuger -- Unsichtbares Wasserzeichen<br/>[T] Steganographie\ Wasserzeichen-Erzeuger -- Robustheit<br/>[T] Steganographie\ Wasserzeichen-Erzeuger -- Sichtbares Wasserzeichen;8) Steganographie
CT2:de:static:307;ASCII;W;[W] Werkzeuge\ Kodierung;9) Kodierungen
CT2:de:static:311;Base 64 decodieren;W;[W] Werkzeuge\ Kodierung;9) Kodierungen
CT2:de:static:312;Base 64 encodieren;W;[W] Werkzeuge\ Kodierung;9) Kodierungen
CT2:de:static:314;Codierung;W;[W] Codierungen\ Codierung;9) Kodierungen
CT2:de:static:315;Hamming-Abstand;K\T;[K] Werkzeuge\ Sonstige\ Hamming-Abstand<br/>[T] Hash-Funktionen\ BildHash<br/>[T] Hash-Funktionen\ BildHash -- Weichzeichnungs-Vergleich<br/>[T] Mathematisch\ Hamming-Abstand;9) Kodierungen
CT2:de:static:316;Huffman;K\T;[K] Werkzeuge\ Sonstige\ Huffman<br/>[T] Tools\ Huffman's algorithm (ASCII)<br/>[T] Tools\ Huffman's algorithm (BMG, JPG)<br/>[T] Tools\ Huffman's algorithm (UTF-8);9) Kodierungen
CT2:de:static:317;Morse Code;K\T\W;[K] Werkzeuge\ Sonstige\ Morsecode<br/>[T] Codes\ Morsecode<br/>[W] Codierungen\ Morsecode;9) Kodierungen
CT2:de:static:321;Visueller Decodierer;K;[K] Werkzeuge\ Sonstige\ Visueller Dekodierer;9) Kodierungen
CT2:de:static:322;Visueller Codierer;K;[K] Werkzeuge\ Sonstige\ Visueller Codierer<br/>[K] Werkzeuge\ Sonstige\ Visueller Decodierer<br/>[T] Codes\ AES (CBC) mit PKCS#5 und IV, Ausgabe als QR-Code<br/>[T] Codes\ QR-Code erstellen<br/>[T] Codes\ QR-Code-Verschlüsselung<br/>[T] Codes\ RSA-signierter QR-Code<br/>[T] Codes\ VCard<br/>[T] Codes\ Decodiere QR-Code-Datei<br/>[T] Codes\ QR-Code-Verschlüsselung<br/>[T] Codes\ RSA-signierter QR-Code<br/>[T] Codes\ Einfache Erkennung optischer Codes<br/>[W] Codierungen\ Decodiere Visuellen Code<br/>[W] Codierungen\ Erstelle Visuellen Code;9) Kodierungen
CT2:de:static:325;AES-Visualisierung;K\T;[K] Moderne Verfahren\ Symmetrisch\ AES-Visualisierung<br/>[T] Kryptographie\ Modern\ Symmetrisch\ AES-Visualisierung;10) Lernhilfen und Visualisierungen
CT2:de:static:329;BB84-Schlüsselaustausch;K\T;[K] Protokolle\ BB84-Fehlerdetektor<br/>[K] Protokolle\ BB84-Mittelsmann<br/>[K] Protokolle\ BB84-Photonenbasis-Generator<br/>[K] Protokolle\ BB84-Photonencodierer<br/>[K] Protokolle\ BB84-Photonendecodierer<br/>[K] Protokolle\ BB84-Schlüsselgenerator<br/>[T] Protokolle\ BB84-Schlüsselaustausch;10) Lernhilfen und Visualisierungen
CT2:de:static:330;BB84-Schlüsselaustausch mit Lauschangriff;T;[T] Protokolle\ BB84-Schlüsselaustausch mit Lauschangriff;10) Lernhilfen und Visualisierungen
CT2:de:static:333;Coin Flipping-Protokoll;T;[T] Protokolle\ Coin Flipping-Protokoll;10) Lernhilfen und Visualisierungen
CT2:de:static:334;DES-Visualisierung;K\T;[K] Moderne Verfahren\ Symmetrisch\ DES-Visualisierung<br/>[T] Kryptographie\ Modern\ Symmetrisch\ DES-Visualisierung;10) Lernhilfen und Visualisierungen
CT2:de:static:335;Dezimalisierung;K\T;[K] Werkzeuge\ Sonstige\ Dezimalisierung<br/>[T] Mathematisch\ Dezimalisierung<br/>[T] Werkzeuge\ Zufällige Dezimalzahl;10) Lernhilfen und Visualisierungen
CT2:de:static:339;Dining Cryptographers-Protokoll;T;[T] Protokolle\ Dining Cryptographers-Protokoll;10) Lernhilfen und Visualisierungen
CT2:de:static:342;Enigma-Visualisierung;C;[K] Klassische Verfahren\ Enigma;10) Lernhilfen und Visualisierungen
CT2:de:static:346;Gitterbasierte Kryptographie - GGH;N;[N] Kryptotutorien\ Gitterbasierte Kryptographie\ Gitterbasierte Verschlüsselungssysteme\ GGH;10) Lernhilfen und Visualisierungen
CT2:de:static:347;Gitterbasierte Kryptographie - LWE;N;[N] Kryptotutorien\ Gitterbasierte Kryptographie\ Gitterbasierte Verschlüsselungssysteme\ LWE;10) Lernhilfen und Visualisierungen
CT2:de:static:348;Gitterbasierte Kryptoanalyse - Merkle-Hellman-Knapsack;N;[N] Kryptotutorien\ Gitterbasierte Kryptographie\ Gitterbasierte Angriffe\ Merkle-Hellman Knapsack;10) Lernhilfen und Visualisierungen
CT2:de:static:349;Gitterbasierte Kryptoanalyse - RSA (Angriff auf stereotype Nachrichten);N;[N] Kryptotutorien\ Gitterbasierte Kryptographie\ Gitterbasierte Angriffe\ RSA (Angriff auf stereotype Nachrichten);10) Lernhilfen und Visualisierungen
CT2:de:static:350;Gitterbasierte Probleme - Kürzester Vektor Problem - Gauss;N;[N] Kryptotutorien\ Kürzester Vektor Problem\ Gauss-Algorithmus;10) Lernhilfen und Visualisierungen
CT2:de:static:351;Gitterbasierte Probleme - Kürzester Vektor Problem - LLL;N;[N] Kryptotutorien\ Kürzester Vektor Problem\ LLL-Algorithmus;10) Lernhilfen und Visualisierungen
CT2:de:static:352;Gitterbasierte Probleme - Nächster Vektor Problem;N;[N] Kryptotutorien\ Nächster Vektor Problem\ Finde nächsten Vektor;10) Lernhilfen und Visualisierungen
CT2:de:static:356;Homomorphe Verschlüsselung-Visualisierung;C\T;[K] Moderne Verfahren\ Asymmetrisch\ Paillier<br/>[T] Kryptographie\ Modern\ Paillier*;10) Lernhilfen und Visualisierungen
CT2:de:static:364;Netzwerk-Empfänger;K;[K] Werkzeuge\ Daten-Ein-/Ausgabe\ Netzwerk-Empfänger;10) Lernhilfen und Visualisierungen
CT2:de:static:365;Netzwerk-Sender;K;[K] Werkzeuge\ Daten-Ein-/Ausgabe\ Netzwerk-Sender;10) Lernhilfen und Visualisierungen
CT2:de:static:367;Oblivious Transfer-Protokoll;T;[T] Protokolle\ Oblivious Transfer-Protokolle (1 aus n);10) Lernhilfen und Visualisierungen
CT2:de:static:368;Passwortqualität-Visualisierung;K\T\W;[K] Werkzeuge\ Sonstige\ Passwortstärke<br/>[T] Werkzeuge\ Passwort-Generator<br/>[T] Werkzeuge\ Passwortstärke ermitteln<br/>[W] Werkzeuge\ Passwort-Stärke;10) Lernhilfen und Visualisierungen
CT2:de:static:369;PKCS#1-Angriff (Bleichenbacher)-Visualisierung;N;[N] Kryptotutorien\ Angriff auf PKCS#1\ Angriffe auf PKCS#1\ Bleichenbacher-Angriff;10) Lernhilfen und Visualisierungen
CT2:de:static:370;PKCS#1-Angriff (Kühn)-Visualisierung;N;[N] Kryptotutorien\ Angriff auf PKCS#1\ Angriffe auf PKCS#1\ Angriff mit kürzeren Schlüsseln (Kühn);10) Lernhilfen und Visualisierungen
CT2:de:static:372;PRESENT-Visualisierung;K;[K] Moderne Verfahren\ Symmetrisch\ PRESENT;10) Lernhilfen und Visualisierungen
CT2:de:static:375;SAT-Solver;K\T;[K] Werkzeuge\ Sonstige\ SAT-Solver<br/>[T] Mathematisch\ SAT-Solver (Dateieingabe)<br/>[T] Mathematisch\ SAT-Solver (Texteingabe);10) Lernhilfen und Visualisierungen
CT2:de:static:383;Virtuelle Smartcard;K\T;[K] Protokolle\ Smartcard<br/>[K] Protokolle\ Smartcard Interpreter<br/>[T] Protokolle\ Kommunikation mit einer Smartcard;10) Lernhilfen und Visualisierungen
CT2:de:static:386;Yao's Millionärs-Problem;T;[T] Protokolle\ Yao's Millionärs-Problem;10) Lernhilfen und Visualisierungen
CT2:de:static:387;Zahlentheorie;N;[N] Kryptotutorien\ Die Welt der Primzahlen<br/>[N] Kryptotutorien\ Die Welt der Primzahlen\ Verteilung der Primzahlen\ Anzahl der Primzahlen<br/>[N] Kryptotutorien\ Die Welt der Primzahlen\ Verteilung der Primzahlen\ Zahlengitter<br/>[N] Kryptotutorien\ Die Welt der Primzahlen\ Verteilung der Primzahlen\ Ulam-Spirale<br/>[N] Kryptotutorien\ Die Welt der Primzahlen\ Verteilung der Primzahlen\ Zahlengerade;10) Lernhilfen und Visualisierungen
CT2:de:static:388;Zero Knowledge-Protokoll;T;[T] Protokolle\ Zero Knowledge-Protokoll;10) Lernhilfen und Visualisierungen
CT2:de:static:397;Faktorisierung einer Zahl;K\T\N\W;[K] Kryptoanalyse\ Generisch\ Faktorisierer<br/>[T] Mathematisch\ Faktorisierung mit Probedivision (Brute-Force)<br/>[N] Kryptotutorien\ Die Welt der Primzahlen\ Faktorisierung\ Quadratisches Sieb<br/>[N] Kryptotutorien\ Die Welt der Primzahlen\ Faktorisierung\ Probedivision<br/>[W] Mathematische Funktionen\ Primfaktorzerlegung;12) Primzahlen
CT2:de:static:398;Generierung von Primzahlen;K\T\W\N;[K] Werkzeuge\ Daten-Ein-/Ausgabe\ Primzahlgenerator<br/>[T] Codes\ QR-Code-Verschlüsselung<br/>[T] Mathematisch\ Primzahlgenerator<br/>[T] Protokolle\ Diffie-Hellman-Schlüsselaustausch über Netzwerk<br/>[T] Werkzeuge\ Diffie-Hellman AES-Video-Audio-Chat<br/>[W] Mathematische Funktionen\ Primzahl-Operationen\ Primzahl-Erzeugung<br/>[N] Kryptotutorien\ Die Welt der Primzahlen\ Erzeugung von Primzahlen\ Erzeugung von Primzahlen;12) Primzahlen
CT2:de:static:399;Primzahl-Test;K\T\W\N;[K] Kryptoanalyse\ Generisch\ Primzahltest<br/>[T] Mathematisch\ Primzahltest<br/>[N] Kryptotutorien\ Die Welt der Primzahlen\ Primzahltests\ Sieb des Eratosthenes<br/>[N] Kryptotutorien\ Die Welt der Primzahlen\ Primzahltests\ Miller-Rabin-Test<br/>[N] Kryptotutorien\ Die Welt der Primzahlen\ Primzahltests\ Sieb des Atkin;12) Primzahlen
CT2:de:static:400;Primzahl-Tutorial;N;[N] Kryptotutorien\ Die Welt der Primzahlen;12) Primzahlen
CT2:de:static:401;Primzahl-Eigenschaften;N;[N] Kryptotutorien\ Die Welt der Primzahlen\ Verteilung der Primzahlen\ Zahlengerade<br/>[N] Kryptotutorien\ Die Welt der Primzahlen\ Verteilung der Primzahlen\ Zahlengitter<br/>[N] Kryptotutorien\ Die Welt der Primzahlen\ Verteilung der Primzahlen\ Anzahl der Primzahlen<br/>[N] Kryptotutorien\ Die Welt der Primzahlen\ Verteilung der Primzahlen \ Ulam-Spirale;12) Primzahlen
CT2:de:static:404;BB84-Schlüsselaustausch;T;[T] Protokolle\ BB84-Schlüsselaustausch;13) Protokolle
CT2:de:static:405;BB84-Schlüsselaustausch mit Lauschangriff;T;[T] Protokolle\ BB84-Schlüsselaustausch mit Lauschangriff;13) Protokolle
CT2:de:static:406;Bit-Commitment-Protokoll;K\T;[K] Protokolle\ Bit-Commitment-Protokoll<br/>[T] Mathematisch\ ISAP Bit-Commitment-Protokoll;13) Protokolle
CT2:de:static:407;Coin Flipping-Protokoll;K\T;[K] Protokolle\ Münzwurf<br/>[T] Protokolle\ Coin Flipping-Protokoll;13) Protokolle
CT2:de:static:409;Dining Cryptographers-Protokoll;T;[T] Protokolle\ Dining Cryptographers-Protokoll;13) Protokolle
CT2:de:static:410;LFSR;K\T;[K] Protokolle\ LFSR<br/>[T] Mathematisch\ Linear rückgekoppeltes Schieberegister (LFSR);13) Protokolle
CT2:de:static:411;Oblivious Transfer-Protokoll;K\T;[K] Protokolle\ Oblivious Transfer 1<br/>[K] Protokolle\ Oblivious Transfer 2<br/>[T] Protokolle\ Oblivious Transfer-Protokolle (1 aus n)</br>[T] Protokolle\ Oblivious Transfer-Protokoll (1 aus n);13) Protokolle
CT2:de:static:414;Virtuelle Smartcard;K\T;[K] Protokolle\ Smartcard<br/>[T] Protokolle\ Kommunikation mit einer Smartcard;13) Protokolle
CT2:de:static:415;Wired Equivalent Privacy (WEP);K\T;[K] Protokolle\ Angriffe auf das WEP-Protokoll<br/>[T] Protokolle\ WEP-Angriff;13) Protokolle
CT2:de:static:416;Yao 1;K;[K] Protokolle\ Yao 1;
CT2:de:static:417;Yao 2;K;[K] Protokolle\ Yao 2;
CT2:de:static:418;Yao 3;K;[K] Protokolle\ Yao 3;
CT2:de:static:419;Yao's Millionärs-Problem;T;[T] Protokolle\ Yao's Millionärs-Problem;13) Protokolle
CT2:de:static:420;Zero Knowledge-Protokoll;T;[K] Protokolle\ Zero-Knowledge-Beweiser<br/>[T] Protokolle\ Zero Knowledge-Protokoll<br/>[K] Protokolle\ Zero-Knowledge-Verifizierer;13) Protokolle
CT2:de:static:422;Boolescher Operator;K\T;[K] Werkzeuge\ Boolean\ Binärer boolescher Operator<br/>[T] Mathematisch\ Boolesche Werte<br/>[K] Werkzeuge\ Boolean\ Boolescher Nicht-Operator<br/>[K] Werkzeuge\ Boolean\ Boolescher Wenn-Dann-Operator;14) Werkzeuge
CT2:de:static:423;Parser für Boolesche Funktion;K;;14) Werkzeuge
CT2:de:static:425;Taktgenerator;K;[K] Werkzeuge\ Datenfluss\ Taktgenerator;14) Werkzeuge
CT2:de:static:426;Zeichenketten-Operationen;K\T;[K] Werkzeuge\ Sonstige\ Zeichenketten-Operationen<br/>[T] Mathematisch\ Levenshtein-Distanz;14) Werkzeuge
