ADFGVX-Analyse-Komponente;K/T;
;[K];Kryptoanalyse\ Generisch\ ADFGVX-Analyse-Komponente
;[T];Kryptoanalyse\ Klassisch\ ADFGVX heuristische Analyse

Alphabet-Permutierer;K/T;
;[K];Werkzeuge\ Datenfluss\ Alphabet-Permutierer
;[T];Kryptographie\ Klassisch\ Substitutions-Chiffre mit Passwort

Camellia;K/T;
;[K];Moderne Verfahren\ Symmetrisch\ Camellia
;[T];Kryptographie\ Modern\ Symmetrisch\ Camellia-Chiffre

Zwischenablage-Eingabe;K;
;[K];Werkzeuge\ Daten-Ein-/Ausgabe\ Zwischenablage-Eingabe

Zwischenablage-Ausgabe;K;
;[K];Werkzeuge\ Daten-Ein-/Ausgabe\ Zwischenablage-Ausgabe

Konkatenation;K/T;
;[K];Werkzeuge\ Sonstige\ Konkatenation
;[T];Hash-Funktionen\ CRC Nullprobleme
;[T];Hash-Funktionen\ HMAC
;[T];Hash-Funktionen\ MD5-Kollisionsfinder
;[T];Hash-Funktionen\ MD5 Salted-Hash-Vergleich

Wörterbuch-Suche;K/T;
;[K];Kryptoanalyse\ Generisch\ Wörterbuch-Suche
;[T];Kryptoanalyse\ Klassisch\ Caesar Brute-Force-Analyse
;[T];Kryptoanalyse\ Klassisch\ Skytale Brute-Force-Analyse

Achterbahn;K/T;
;[K];Moderne Verfahren\ Symmetrisch\ Achterbahn
;[T];Kryptographie\ Modern\ Symmetrisch\ Achterbahn-Chiffre

ADFGVX;K/T/W;
;[K];Klassische Verfahren\ ADFGVX
;[T];Kryptoanalyse\ Klassisch\ Wörterbuchangriff auf die ADFGVX-Chiffre
;[T];Kryptographie\ Klassisch\ ADFGVX-Chiffre
;[W];Verschlüsselungsverfahren\ Klassische Verschlüsselungsverfahren\ ADFGVX

Alphabete;K;
;[K];Werkzeuge\ Daten-Ein-/Ausgabe\ Alphabete

Monoalphabetische Substitutionsanalyse;K/T;
;[K];Kryptoanalyse\ Spezifisch\ Monoalphabetische Substitutionsanalyse
;[T];Kryptoanalyse\ Klassisch\ ADFGVX heuristische Analyse
;[T];Kryptoanalyse\ Klassisch\ Angriff auf die monoalphabetische Substitution
;[T];Kryptoanalyse\ Klassisch\ Angriff auf die monoalphabetische Substitution mit beliebigem Geheimtextalphabet

Berlekamp-Massey-Algorithmus;K/T;
;[K];Kryptoanalyse\ Generisch\ Berlekamp-Massey-Algorithmus
;[T];Mathematisch\ Berlekamp-Massey

Parser für Boolesche Funktion;K;
;[K];Werkzeuge\ Boolean\ Parser für Boolesche Funktion

Caesar;K/T/W;
;[K];Klassische Verfahren\ Caesar
;[T];Kryptoanalyse\ Klassisch\ Caesar Analyse mittels Buchstabenhäufigkeiten
;[T];Kryptoanalyse\ Klassisch\ Caesar Brute-Force-Analyse
;[T];Kryptographie\ Klassisch\ Caesar-Chiffre
;[W];Verschlüsselungsverfahren\ Klassische Verschlüsselungsverfahren\ Caesar
;[W];Kryptoanalyse\ Klassische Verschlüsselung\ Caesar

Caesar-Analyse;K/T;
;[K];Kryptoanalyse\ Spezifisch\ Caesar-Analyse
;[T];Kryptoanalyse\ Klassisch\ Caesar Analyse mittels Buchstabenhäufigkeiten

Taktgenerator;K;
;[K];Werkzeuge\ Datenfluss\ Taktgenerator

CRC;K/T;
;[K];Hash-Funktionen\ CRC
;[T];Hash-Funktionen\ CRC Nullprobleme
;[T];Hash-Funktionen\ CRC

Cube-Angriff;K/T;
;[K];Kryptoanalyse\ Spezifisch\ Cube-Angriff
;[T];Kryptoanalyse\ Modern\ Cube-Angriff auf Trivium

DES-Visualisierung;K/T;
;[K];Moderne Verfahren\ Symmetrisch\ DES-Visualisierung
;[T];Kryptographie\ Modern\ Symmetrisch\ DES-Visualisierung

Enigma;K/T/W;
;[K];Klassische Verfahren\ Enigma
;[T];Kryptoanalyse\ Klassisch\ Enigma-Analyse
;[T];Kryptographie\ Klassisch\ Enigma-Chiffre
;[W];Verschlüsselungsverfahren\ Klassische Verschlüsselungsverfahren\ Enigma
;[W];Kryptoanalyse\ Klassische Verschlüsselung\ Enigma

Enigma-Analyse;K;
;[K];Kryptoanalyse\ Spezifisch\ Enigma-Analyse

Fialka;K/T;
;[K];Klassische Verfahren\ Fialka
;[T];Kryptographie\ Klassisch\ Fialka ED Check
;[T];Kryptographie\ Klassisch\ Fialka ED Mixed Mode Check
;[T];Kryptographie\ Klassisch\ Fialka ED NumLock10 Check
;[T];Kryptographie\ Klassisch\ Fialka Schlüsselausgabe
;[T];Kryptographie\ Klassisch\ Fialka M-125-3 PROTON II
;[T];Kryptographie\ Klassisch\ Fialka M-125 PROTON I

Frequenzanalyse;K/T;
;[K];Kryptoanalyse\ Generisch\ Frequenzanalyse
;[T];Kryptoanalyse\ Klassisch\ Caesar Analyse mittels Buchstabenhäufigkeiten
;[T];Kryptoanalyse\ Klassisch\ Enigma-Analyse
;[T];Kryptoanalyse\ Klassisch\ Frequenzanalyse
;[T];Kryptoanalyse\ Klassisch\ Statistiktests für klassische Chiffren

HIGHT;K;
;[K];Moderne Verfahren\ Symmetrisch\ HIGHT

HMAC;K/T;
;[K];Protokolle\ HMAC
;[T];Hash-Funktionen\ HMAC

IP-Frame-Generator;K/T;
;[K];Werkzeuge\ Daten-Ein-/Ausgabe\ IP-Frame-Generator
;[T];Protokolle\ WEP-Angriff

Kasiski-Test;K;
;[K];Kryptoanalyse\ Generisch\ Kasiski-Test

LFSR;K/T;
;[K];Werkzeuge\ Sonstige\ LFSR
;[T];Mathematisch\ Linear rückgekoppeltes Schieberegister (LFSR)

M-138;K/T;
;[K];Klassische Verfahren\ M-138
;[T];Kryptographie\ Klassisch\ M-138

M-138 Analysewerkzeug;K/T;
;[K];Kryptoanalyse\ Spezifisch\ M-138 Analysewerkzeug
;[T];Kryptoanalyse\ Klassisch\ Ciphertext-Only Angriff auf M-138
;[T];Kryptoanalyse\ Klassisch\ Known-Plaintext Angriff auf M-138
;[T];Kryptoanalyse\ Klassisch\ Partially-Known-Plaintext Angriff auf M-138

MD5;K/T/W;
;[K];Hash-Funktionen\ MD5
;[T];Codes\ RSA-signierter QR-Code
;[T];Kryptographie\ Modern\ Symmetrisch\ AES mit PKCS#5
;[T];Hash-Funktionen\ HMAC
;[T];Hash-Funktionen\ MD5
;[T];Hash-Funktionen\ MD5-Kollisionsfinder
;[T];Hash-Funktionen\ MD5 Salted-Hash-Vergleich
;[W];Kryptoanalyse\ Moderne Verschlüsselung\ Hash-Funktionen\ MD5

NLFSR;K/T;
;[K];Protokolle\ NLFSR
;[T];Mathematisch\ Nichtlinear rückgekoppeltes Schieberegister (NLFSR)

Playfair;K/T/W;
;[K];Klassische Verfahren\ Playfair
;[T];Kryptoanalyse\ Klassisch\ Playfair-Analyse
;[T];Kryptographie\ Klassisch\ Playfair-Chiffre
;[W];Verschlüsselungsverfahren\ Klassische Verschlüsselungsverfahren\ Playfair

Playfair-Analyse;K/T;
;[K];Kryptoanalyse\ Spezifisch\ Playfair-Analyse
;[T];Kryptoanalyse\ Klassisch\ Playfair-Analyse

AES-Visualisierung;K/T;
;[K];Moderne Verfahren\ Symmetrisch\ AES-Visualisierung
;[T];Kryptographie\ Modern\ Symmetrisch\ AES-Visualisierung

Array-Indizierer;K/T;
;[K];Werkzeuge\ Datenfluss\ Array-Indizierer
;[T];Hash-Funktionen\ Wörterbuch-Angriff auf einen Passwort-Hash-Wert

Audio Input;K;
;[K];Werkzeuge\ Daten-Ein-/Ausgabe\ Audio Input

Audio Output;K;
;[K];Werkzeuge\ Daten-Ein-/Ausgabe\ Audio Output

Autokorrelation;K;
;[K];Kryptoanalyse\ Generisch\ Autokorrelation

Avalanche-Visualisierung;K/T;
;[K];Werkzeuge\ Sonstige\ Avalanche-Visualisierung
;[T];Kryptoanalyse\ Modern\ Avalanche (AES)
;[T];Kryptoanalyse\ Modern\ Avalanche (klassische Verschlüsselungsverfahren)
;[T];Kryptoanalyse\ Modern\ Avalanche (Vergleich klassischer Verschlüsselungsverfahren)
;[T];Kryptoanalyse\ Modern\ Avalanche (DES)
;[T];Kryptoanalyse\ Modern\ Avalanche (Hashverfahren)
;[T];Kryptoanalyse\ Modern\ Avalanche (moderne Verschlüsselungsverfahren)

BB84-Fehlerdetektor;K/T;
;[K];Protokolle\ BB84-Fehlerdetektor
;[T];Protokolle\ BB84-Schlüsselaustausch mit Lauschangriff

BB84-Schlüsselgenerator;K/T;
;[K];Protokolle\ BB84-Schlüsselgenerator
;[T];Protokolle\ BB84-Schlüsselaustausch mit Lauschangriff
;[T];Protokolle\ BB84-Schlüsselaustausch

BB84-Mittelsmann;K/T;
;[K];Protokolle\ BB84-Mittelsmann
;[T];Protokolle\ BB84-Schlüsselaustausch mit Lauschangriff

BB84-Photonenbasis-Generator;K/T;
;[K];Protokolle\ BB84-Photonenbasis-Generator
;[T];Protokolle\ BB84-Schlüsselaustausch mit Lauschangriff
;[T];Protokolle\ BB84-Schlüsselaustausch

BB84-Photonendecodierer;K/T;
;[K];Protokolle\ BB84-Photonendecodierer
;[T];Protokolle\ BB84-Schlüsselaustausch mit Lauschangriff
;[T];Protokolle\ BB84-Schlüsselaustausch

BB84-Photonencodierer;K/T;
;[K];Protokolle\ BB84-Photonencodierer
;[T];Protokolle\ BB84-Schlüsselaustausch mit Lauschangriff
;[T];Protokolle\ BB84-Schlüsselaustausch

BLAKE;K/T;
;[K];Hash-Funktionen\ BLAKE
;[T];Hash-Funktionen\ BLAKE
;[T];Hash-Funktionen\ Passwort-Speicherung mittels Salted BLAKE-256
;[T];Hash-Funktionen\ Passwort-Verifizierung mittels Salted BLAKE-256

Blinde-Signatur-Generator;K/T;
;[K];Moderne Verfahren\ Asymmetrisch\ Blinde-Signatur-Generator
;[T];Kryptographie\ Modern\ Asymmetrisch\ Blinde Signature Paillier
;[T];Kryptographie\ Modern\ Asymmetrisch\ Blinde Signatur RSA

Blinde-Signatur-Verifizierer;K;
;[K];Moderne Verfahren\ Asymmetrisch\ Blinde-Signatur-Verifizierer

Binärer boolescher Operator;K/T;
;[K];Werkzeuge\ Boolean\ Binärer boolescher Operator
;[T];Mathematisch\ Boole'sche Werte

Boolescher Wenn-Dann-Operator;K;
;[K];Werkzeuge\ Boolean\ Boolescher Wenn-Dann-Operator

Boolesche Eingabe;K/T;
;[K];Werkzeuge\ Boolean\ Boolesche Eingabe
;[T];Codes\ AES (CBC) mit PKCS#5 und IV, Ausgabe als QR-Code
;[T];Kryptographie\ Modern\ Asymmetrisch\ Paillier-Chiffre (Wahlen)
;[T];Kryptographie\ Modern\ Symmetrisch\ AES (CBC) mit PKCS#5 und IV
;[T];Kryptographie\ Modern\ Symmetrisch\ AES (ECB) mit PKCS#5
;[T];Mathematisch\ Boole'sche Werte
;[T];Mathematisch\ ISAP Bit-Commitment-Verfahren
;[T];Protokolle\ WEP-Angriff
;[T];Werkzeuge\ Foto erstellen

Boolescher Nicht-Operator;K;
;[K];Werkzeuge\ Boolean\ Boolescher Nicht-Operator

Boolesche Ausgabe;K/T;
;[K];Werkzeuge\ Boolean\ Boolesche Ausgabe
;[T];Codes\ ISBN-10 Überprüfung
;[T];Codes\ ISBN-13 Überprüfung
;[T];Codes\ RSA-signierter QR-Code
;[T];Kryptographie\ Modern\ Asymmetrisch\ Paillier-Chiffre (Zahleneingabe)
;[T];Kryptographie\ Modern\ Asymmetrisch\ Paillier-Chiffre mit Addition
;[T];Kryptographie\ Modern\ Symmetrisch\ AES mit PKCS#5
;[T];Kryptographie\ Modern\ Symmetrisch\ DES Komplement-Eigenschaft
;[T];Hash-Funktionen\ MD5-Kollisionsfinder
;[T];Hash-Funktionen\ MD5 Salted-Hash-Vergleich
;[T];Mathematisch\ Boole'sche Werte
;[T];Mathematisch\ Nächstkleinere Primzahl
;[T];Mathematisch\ Primzahltest
;[T];Protokolle\ Coin-Flipping-Protokoll
;[T];Protokolle\ Diffie-Hellman-Schlüsselaustausch
;[T];Protokolle\ Dining Cryptographers-Protokoll
;[T];Protokolle\ Yaos Millionärs-Problem-Protokoll
;[T];Protokolle\ Zero Knowledge-Protokoll

Münzwurf;K/T;
;[K];Protokolle\ Münzwurf
;[T];Protokolle\ Coin-Flipping-Protokoll

Komparatoren;K/T;
;[K];Werkzeuge\ Sonstige\ Komparatoren
;[T];Codes\ ISBN-10 Überprüfung
;[T];Codes\ ISBN-13 Überprüfung
;[T];Kryptoanalyse\ Klassisch\ Caesar Brute-Force-Analyse
;[T];Kryptoanalyse\ Klassisch\ Skytale Brute-Force-Analyse
;[T];Kryptographie\ Modern\ Asymmetrisch\ Paillier-Chiffre (Zahleneingabe)
;[T];Kryptographie\ Modern\ Asymmetrisch\ Paillier-Chiffre mit Addition
;[T];Kryptographie\ Modern\ Symmetrisch\ AES-Chiffre mit SHA-Hashwerten
;[T];Protokolle\ Diffie-Hellman-Schlüsselaustausch

Konvertierer;K;
;[K];Werkzeuge\ Sonstige\ Konvertierer

String-Decodierer;K;
;[K];Werkzeuge\ Sonstige\ String-Decodierer

String-Codierer;K;
;[K];Werkzeuge\ Sonstige\ String-Codierer

Kostenfunktion;K/T;
;[K];Kryptoanalyse\ Generisch\ Kostenfunktion
;[T];Kryptoanalyse\ Klassisch\ Wörterbuchangriff auf die ADFGVX-Chiffre
;[T];Kryptoanalyse\ Klassisch\ Transposition Brute-Force-Analyse
;[T];Kryptoanalyse\ Klassisch\ Transposition Crib-Analyse
;[T];Kryptoanalyse\ Klassisch\ Transposition Genetische Analyse
;[T];Kryptoanalyse\ Klassisch\ Transposition Hill-Climbing-Analyse
;[T];Kryptoanalyse\ Modern\ AES Analyse per Entropie (1)
;[T];Kryptoanalyse\ Modern\ AES Known-Plaintext-Analyse (1)
;[T];Kryptoanalyse\ Modern\ DES Analyse per Entropie
;[T];Kryptoanalyse\ Modern\ DES Known-Plaintext-Analyse
;[T];Kryptoanalyse\ Modern\ AES-Analyse per Entropie (2) – mit veränderbarem Klartext
;[T];Kryptoanalyse\ Modern\ AES Known-Plaintext-Analyse (2)
;[T];Kryptoanalyse\ Modern\ DES Brute-Force-Analyse
;[T];Kryptoanalyse\ Modern\ SDES Brute-Force-Analyse
;[T];Kryptoanalyse\ Modern\ Triple-DES Brute-Force-Analyse
;[T];Kryptoanalyse\ Modern\ SDES Analyse per Entropie
;[T];Kryptoanalyse\ Modern\ SDES Known-Plaintext-Analyse

Cramer-Shoup;K/T;
;[K];Moderne Verfahren\ Asymmetrisch\ Cramer-Shoup
;[T];Kryptographie\ Modern\ Asymmetrisch\ Cramer-Shoup mit AES

Cramer-Shoup Key Generator;K/T;
;[K];Moderne Verfahren\ Asymmetrisch\ Cramer-Shoup Key Generator
;[T];Kryptographie\ Modern\ Asymmetrisch\ Cramer-Shoup mit AES

AES;K/T/W;
;[K];Moderne Verfahren\ Symmetrisch\ AES
;[T];Codes\ AES (CBC) mit PKCS#5 und IV, Ausgabe als QR-Code
;[T];Codes\ QR-Code-Verschlüsselung
;[T];Kryptoanalyse\ Modern\ AES Analyse per Entropie (1)
;[T];Kryptoanalyse\ Modern\ AES Known-Plaintext-Analyse (1)
;[T];Kryptoanalyse\ Modern\ CBC-Angriff
;[T];Kryptoanalyse\ Modern\ AES-Analyse per Entropie (2) – mit veränderbarem Klartext
;[T];Kryptoanalyse\ Modern\ AES Known-Plaintext-Analyse (2)
;[T];Kryptoanalyse\ Modern\ Padding-Orakel-Angriff auf AES
;[T];Kryptographie\ Modern\ Asymmetrisch\ Cramer-Shoup mit AES
;[T];Kryptographie\ Modern\ Symmetrisch\ AES-Chiffre mit SHA-Hashwerten
;[T];Kryptographie\ Modern\ Symmetrisch\ AES-Verschlüsselung mit impliziter Konvertierung
;[T];Kryptographie\ Modern\ Symmetrisch\ AES-Chiffre (Dateieingabe)
;[T];Kryptographie\ Modern\ Symmetrisch\ AES mit PKCS#5
;[T];Kryptographie\ Modern\ Symmetrisch\ AES (CBC) mit PKCS#5 und IV
;[T];Kryptographie\ Modern\ Symmetrisch\ AES (ECB) mit PKCS#5
;[T];Kryptographie\ Modern\ Symmetrisch\ AES-Chiffre (Texteingabe)
;[T];Werkzeuge\ Einfacher Video-Audio-Chat mit AES-Verschlüsselung
;[T];Werkzeuge\ Diffie-Hellman AES-Video-Audio-Chat
;[T];Werkzeuge\ Einfacher AES-Chat
;[W];Verschlüsselungsverfahren\ Moderne Verschlüsselungsverfahren\ Symmetrische Verschlüsselungsverfahren\ AES

DES;K/T/W;
;[K];Moderne Verfahren\ Symmetrisch\ DES
;[T];Kryptoanalyse\ Modern\ DES Analyse per Entropie
;[T];Kryptoanalyse\ Modern\ DES Known-Plaintext-Analyse
;[T];Kryptoanalyse\ Modern\ DES Brute-Force-Analyse
;[T];Kryptoanalyse\ Modern\ Triple-DES Brute-Force-Analyse
;[T];Kryptoanalyse\ Modern\ Padding-Orakel-Angriff auf DES
;[T];Kryptographie\ Modern\ Symmetrisch\ Block-Modi von symmetrischen Chiffren
;[T];Kryptographie\ Modern\ Symmetrisch\ DES-Chiffre
;[T];Kryptographie\ Modern\ Symmetrisch\ DES Komplement-Eigenschaft
;[T];Kryptographie\ Modern\ Symmetrisch\ Triple-DES-Chiffre
;[W];Verschlüsselungsverfahren\ Moderne Verschlüsselungsverfahren\ Symmetrische Verschlüsselungsverfahren\ DES

3DES;K;
;[K];Moderne Verfahren\ Symmetrisch\ DES

RC2;K/T/W;
;[K];Moderne Verfahren\ Symmetrisch\ RC2
;[T];Kryptoanalyse\ Modern\ DES Analyse per Entropie
;[T];Kryptographie\ Modern\ Symmetrisch\ RC2-Chiffre
;[W];Verschlüsselungsverfahren\ Moderne Verschlüsselungsverfahren\ Symmetrische Verschlüsselungsverfahren\ RC2

RC4;K/T;
;[K];Moderne Verfahren\ Symmetrisch\ RC4
;[T];Kryptographie\ Modern\ Symmetrisch\ RC4-Chiffre

SDES;K/T/W;
;[K];Moderne Verfahren\ Symmetrisch\ SDES
;[T];Kryptoanalyse\ Modern\ SDES Brute-Force-Analyse
;[T];Kryptoanalyse\ Modern\ SDES Analyse per Entropie
;[T];Kryptoanalyse\ Modern\ SDES Known-Plaintext-Analyse
;[T];Kryptographie\ Modern\ Symmetrisch\ SDES-Chiffre
;[W];Verschlüsselungsverfahren\ Moderne Verschlüsselungsverfahren\ Symmetrische Verschlüsselungsverfahren\ SDES

DKA-KeyRecovery;K/T;
;[K];Kryptoanalyse\ Spezifisch\ DKA-KeyRecovery
;[T];Kryptoanalyse\ Modern\ Differenzielle Kryptoanalyse Tutorial 1 (automatischer Modus)
;[T];Kryptoanalyse\ Modern\ Differenzielle Kryptoanalyse Tutorial 1 (Tutorial Modus)
;[T];Kryptoanalyse\ Modern\ Differenzielle Kryptoanalyse Tutorial 2 (automatischer Modus)
;[T];Kryptoanalyse\ Modern\ Differenzielle Kryptoanalyse Tutorial 2 (Tutorial Modus)
;[T];Kryptoanalyse\ Modern\ Differenzielle Kryptoanalyse Tutorial 3 (automatischer Modus)
;[T];Kryptoanalyse\ Modern\ Differenzielle Kryptoanalyse Tutorial 3 (Tutorial Modus)

DKA-Orakel;K/T;
;[K];Kryptoanalyse\ Spezifisch\ DKA-Orakel
;[T];Kryptoanalyse\ Modern\ Differenzielle Kryptoanalyse Tutorial 1 (automatischer Modus)
;[T];Kryptoanalyse\ Modern\ Differenzielle Kryptoanalyse Tutorial 1 (Tutorial Modus)
;[T];Kryptoanalyse\ Modern\ Differenzielle Kryptoanalyse Tutorial 2 (automatischer Modus)
;[T];Kryptoanalyse\ Modern\ Differenzielle Kryptoanalyse Tutorial 2 (Tutorial Modus)
;[T];Kryptoanalyse\ Modern\ Differenzielle Kryptoanalyse Tutorial 3 (automatischer Modus)
;[T];Kryptoanalyse\ Modern\ Differenzielle Kryptoanalyse Tutorial 3 (Tutorial Modus)

DKA-PfadFinder;K/T;
;[K];Kryptoanalyse\ Spezifisch\ DKA-PfadFinder
;[T];Kryptoanalyse\ Modern\ Differenzielle Kryptoanalyse Tutorial 1 (automatischer Modus)
;[T];Kryptoanalyse\ Modern\ Differenzielle Kryptoanalyse Tutorial 1 (Tutorial Modus)
;[T];Kryptoanalyse\ Modern\ Differenzielle Kryptoanalyse Tutorial 2 (automatischer Modus)
;[T];Kryptoanalyse\ Modern\ Differenzielle Kryptoanalyse Tutorial 2 (Tutorial Modus)
;[T];Kryptoanalyse\ Modern\ Differenzielle Kryptoanalyse Tutorial 3 (automatischer Modus)
;[T];Kryptoanalyse\ Modern\ Differenzielle Kryptoanalyse Tutorial 3 (Tutorial Modus)

DKA-PfadVisualisierer;K/T;
;[K];Kryptoanalyse\ Spezifisch\ DKA-PfadVisualisierer
;[T];Kryptoanalyse\ Modern\ Differenzielle Kryptoanalyse Tutorial 1 (automatischer Modus)
;[T];Kryptoanalyse\ Modern\ Differenzielle Kryptoanalyse Tutorial 1 (Tutorial Modus)
;[T];Kryptoanalyse\ Modern\ Differenzielle Kryptoanalyse Tutorial 2 (automatischer Modus)
;[T];Kryptoanalyse\ Modern\ Differenzielle Kryptoanalyse Tutorial 2 (Tutorial Modus)
;[T];Kryptoanalyse\ Modern\ Differenzielle Kryptoanalyse Tutorial 3 (automatischer Modus)
;[T];Kryptoanalyse\ Modern\ Differenzielle Kryptoanalyse Tutorial 3 (Tutorial Modus)

DKA-ToyCipher;K/T;
;[K];Kryptoanalyse\ Spezifisch\ DKA-ToyCipher
;[T];Kryptoanalyse\ Modern\ Differenzielle Kryptoanalyse Tutorial 1 (automatischer Modus)
;[T];Kryptoanalyse\ Modern\ Differenzielle Kryptoanalyse Tutorial 1 (Tutorial Modus)
;[T];Kryptoanalyse\ Modern\ Differenzielle Kryptoanalyse Tutorial 2 (automatischer Modus)
;[T];Kryptoanalyse\ Modern\ Differenzielle Kryptoanalyse Tutorial 2 (Tutorial Modus)
;[T];Kryptoanalyse\ Modern\ Differenzielle Kryptoanalyse Tutorial 3 (automatischer Modus)
;[T];Kryptoanalyse\ Modern\ Differenzielle Kryptoanalyse Tutorial 3 (Tutorial Modus)

Dezimalisierung;K/T;
;[K];Werkzeuge\ Sonstige\ Dezimalisierung
;[T];Mathematisch\ Dezimalisierung
;[T];Werkzeuge\ Zufällige Dezimalzahl

DECODEClustererCaption;K;
;[K];DECRYPT Projekt\ DECODEClustererCaption

DECODE Entschlüsseler;K;
;[K];DECRYPT Projekt\ DECODE Entschlüsseler

DECODE-Downloader;K/T;
;[K];DECRYPT Projekt\ DECODE-Downloader
;[T];Werkzeuge\ Dokumente aus der DECODE-Datenbank herunterladen

DecodeParserTesterCaption;K;
;[K];DECRYPT Projekt\ DecodeParserTesterCaption

DECODESymbolHeatmapCaption;K;
;[K];DECRYPT Projekt\ DECODESymbolHeatmapCaption

DECODE-Betrachter;K/T;
;[K];Werkzeuge\ Daten-Ein-/Ausgabe\ DECODE-Betrachter
;[T];Werkzeuge\ Dokumente aus der DECODE-Datenbank herunterladen

DGK;K;
;[K];Moderne Verfahren\ Asymmetrisch\ DGK

DGK-Schlüsselgenerator;K;
;[K];Moderne Verfahren\ Asymmetrisch\ DGK-Schlüsselgenerator

Diskreter Logarithmus;K/T;
;[K];Kryptoanalyse\ Generisch\ Diskreter Logarithmus
;[T];Mathematisch\ Diskreter Logarithmus

Formaterhaltende Verschlüsselung (FPE);K/T;
;[K];Moderne Verfahren\ Symmetrisch\ Formaterhaltende Verschlüsselung (FPE)
;[T];Kryptographie\ Modern\ Symmetrisch\ Formaterhaltende Verschlüsselung (XML)
;[T];Kryptographie\ Modern\ Symmetrisch\ Formaterhaltende Verschlüsselung

Grain v1;K/T;
;[K];Moderne Verfahren\ Symmetrisch\ Grain v1
;[T];Kryptographie\ Modern\ Symmetrisch\ Grain v1-Chiffre

Grøstl;K/T;
;[K];Hash-Funktionen\ Grøstl
;[T];Hash-Funktionen\ Grøstl
;[T];Hash-Funktionen\ Passwort-Speicherung mittels Salted Grøstl-256
;[T];Hash-Funktionen\ Passwort-Verifizierung mittels Salted Grøstl-256

HC128;K/T;
;[K];Moderne Verfahren\ Symmetrisch\ HC128
;[T];Kryptographie\ Modern\ Symmetrisch\ HC128-Chiffre

Hill-Chiffre;K/T;
;[K];Klassische Verfahren\ Hill-Chiffre
;[T];Kryptographie\ Klassisch\ Hill-Chiffre

HKDF SHA-256;K/T;
;[K];Hash-Funktionen\ HKDF SHA-256
;[T];Hash-Funktionen\ KDF Performance Vergleich (ohne Präsentation)
;[T];Hash-Funktionen\ KDF Performance Vergleich (mit Präsentation)

Homophoner Substitutionsanalysator;K/T;
;[K];Kryptoanalyse\ Spezifisch\ Homophoner Substitutionsanalysator
;[T];Kryptoanalyse\ Klassisch\ Homophone Substitutionsanalyse
;[T];Kryptoanalyse\ Klassisch\ Zodiac-408-Analyse

Huffman;K/T;
;[K];Werkzeuge\ Sonstige\ Huffman
;[T];Werkzeuge\ Huffman-Algorithmus (ASCII)
;[T];Werkzeuge\ Huffman-Algorithmus (BMG, JPG)
;[T];Werkzeuge\ Huffman-Algorithmus (UTF-8)

BildHash;K/T;
;[K];Hash-Funktionen\ BildHash
;[T];Hash-Funktionen\ BildHash
;[T];Hash-Funktionen\ BildHash -- Weichzeichnungs-Vergleich

Bildverarbeitung;K;
;[K];Werkzeuge\ Sonstige\ Bildverarbeitung

Keccak;K/T;
;[K];Hash-Funktionen\ Keccak
;[T];Kryptographie\ Modern\ Symmetrisch\ Keccak-Chiffre
;[T];Hash-Funktionen\ Keccak-Hash (SHA-3)
;[T];Werkzeuge\ Keccak-Pseudozufallszahlengenerator (PRNG)

KKDF SHA-256;K;
;[K];Hash-Funktionen\ KKDF SHA-256

KKDF SHAKE256;K;
;[K];Hash-Funktionen\ KKDF SHAKE256

Länge;K/T;
;[K];Werkzeuge\ Sonstige\ Länge
;[T];Hash-Funktionen\ Wörterbuch-Angriff auf einen Passwort-Hash-Wert

M209;K/T;
;[K];Klassische Verfahren\ M209
;[T];Kryptographie\ Klassisch\ M209-Chiffre
;[T];Kryptographie\ Klassisch\ M209-Chiffre Schlüsseleingabe

MD5-Kollisionsgenerator;K/T;
;[K];Hash-Funktionen\ MD5-Kollisionsgenerator
;[T];Hash-Funktionen\ MD5-Kollisionsfinder

Mickey 2;K/T;
;[K];Moderne Verfahren\ Symmetrisch\ Mickey 2
;[T];Kryptographie\ Modern\ Symmetrisch\ Mickey 2-Chiffre

Morsecode;K/T/W;
;[K];Werkzeuge\ Sonstige\ Morsecode
;[T];Codes\ Morsecode
;[W];Codierungen\ Morsecode

Network Capture;K;
;[K];Werkzeuge\ Daten-Ein-/Ausgabe\ Network Capture

Netzwerk-Empfänger;K/T;
;[K];Werkzeuge\ Daten-Ein-/Ausgabe\ Netzwerk-Empfänger
;[T];Protokolle\ Diffie-Hellman-Schlüsselaustausch über Netzwerk
;[T];Protokolle\ Heartbleed Test
;[T];Protokolle\ HTTP Anfrage
;[T];Protokolle\ Einfacher Webserver
;[T];Protokolle\ Einfache Multi-Client-Kommunikation
;[T];Werkzeuge\ Einfacher Video-Audio-Chat mit AES-Verschlüsselung
;[T];Werkzeuge\ Diffie-Hellman AES-Video-Audio-Chat
;[T];Werkzeuge\ Einfacher AES-Chat

Netzwerk-Sender;K/T;
;[K];Werkzeuge\ Daten-Ein-/Ausgabe\ Netzwerk-Sender
;[T];Protokolle\ Diffie-Hellman-Schlüsselaustausch über Netzwerk
;[T];Protokolle\ Heartbleed Test
;[T];Protokolle\ Einfache Multi-Client-Kommunikation
;[T];Werkzeuge\ Einfacher Video-Audio-Chat mit AES-Verschlüsselung
;[T];Werkzeuge\ Diffie-Hellman AES-Video-Audio-Chat
;[T];Werkzeuge\ Einfacher AES-Chat

Zahleneingabe;K;
;[K];Werkzeuge\ Daten-Ein-/Ausgabe\ Zahleneingabe

Rechenoperationen;K/T;
;[K];Werkzeuge\ Sonstige\ Rechenoperationen
;[T];Kryptoanalyse\ Modern\ RSA-Angriff auf gemeinsamen Faktor

Oblivious Transfer 1;K/T;
;[K];Protokolle\ Oblivious Transfer 1
;[T];Protokolle\ Oblivious Transfer-Protokoll (1 aus n)

Oblivious Transfer 2;K/T;
;[K];Protokolle\ Oblivious Transfer 2
;[T];Protokolle\ Oblivious Transfer-Protokoll (1 aus n)

Padding-Orakel;K/T;
;[K];Werkzeuge\ Sonstige\ Padding-Orakel
;[T];Kryptoanalyse\ Modern\ Padding-Orakel-Angriff auf AES
;[T];Kryptoanalyse\ Modern\ Padding-Orakel-Angriff auf DES

Padding-Orakel-Angriff;K/T;
;[K];Werkzeuge\ Sonstige\ Padding-Orakel-Angriff
;[T];Kryptoanalyse\ Modern\ Padding-Orakel-Angriff auf AES
;[T];Kryptoanalyse\ Modern\ Padding-Orakel-Angriff auf DES

Paillier;K/T;
;[K];Moderne Verfahren\ Asymmetrisch\ Paillier
;[T];Kryptographie\ Modern\ Asymmetrisch\ Blinde Signature Paillier
;[T];Kryptographie\ Modern\ Asymmetrisch\ Blinde Signatur RSA
;[T];Kryptographie\ Modern\ Asymmetrisch\ Paillier-Chiffre (Zahleneingabe)
;[T];Kryptographie\ Modern\ Asymmetrisch\ Paillier-Chiffre mit Addition
;[T];Kryptographie\ Modern\ Asymmetrisch\ Paillier-Chiffre mit Blinding
;[T];Kryptographie\ Modern\ Asymmetrisch\ Paillier-Schlüsselgenerator
;[T];Kryptographie\ Modern\ Asymmetrisch\ Paillier-Chiffre (Texteingabe)
;[T];Kryptographie\ Modern\ Asymmetrisch\ Paillier-Chiffre (Wahlen)

Paillier-Schlüsselgenerator;K/T;
;[K];Moderne Verfahren\ Asymmetrisch\ Paillier-Schlüsselgenerator
;[T];Kryptographie\ Modern\ Asymmetrisch\ Paillier-Chiffre (Zahleneingabe)
;[T];Kryptographie\ Modern\ Asymmetrisch\ Paillier-Chiffre mit Addition
;[T];Kryptographie\ Modern\ Asymmetrisch\ Paillier-Chiffre mit Blinding
;[T];Kryptographie\ Modern\ Asymmetrisch\ Paillier-Schlüsselgenerator
;[T];Kryptographie\ Modern\ Asymmetrisch\ Paillier-Chiffre (Texteingabe)
;[T];Kryptographie\ Modern\ Asymmetrisch\ Paillier-Chiffre (Wahlen)

Purple;K/T;
;[K];Klassische Verfahren\ Purple
;[T];Kryptographie\ Klassisch\ PURPLE-Chiffre

Quadratisches Sieb;K/T;
;[K];Kryptoanalyse\ Generisch\ Quadratisches Sieb
;[T];Mathematisch\ Faktorisierung mit Quadratischem Sieb (QS)

Rabbit;K/T;
;[K];Moderne Verfahren\ Symmetrisch\ Rabbit
;[T];Kryptographie\ Modern\ Symmetrisch\ Rabbit-Chiffre

Zufallszahlengenerator;K/T;
;[K];Werkzeuge\ Sonstige\ Zufallszahlengenerator
;[T];Werkzeuge\ Zufallszahlengeneratoren

RSA;K/T/W;
;[K];Moderne Verfahren\ Asymmetrisch\ RSA
;[T];Codes\ RSA-signierter QR-Code
;[T];Kryptographie\ Modern\ Asymmetrisch\ RSA-Chiffre
;[T];Kryptographie\ Modern\ Asymmetrisch\ RSA-Entschlüsselung
;[T];Kryptographie\ Modern\ Asymmetrisch\ RSA-Verschlüsselung
;[T];Protokolle\ Yaos Millionärs-Problem-Protokoll
;[W];Kryptoanalyse\ Moderne Verschlüsselung\ Asymmetrische Verschlüsselung\ RSA

RSA-Schlüsselgenerator;K/T;
;[K];Moderne Verfahren\ Asymmetrisch\ RSA-Schlüsselgenerator
;[T];Codes\ RSA-signierter QR-Code
;[T];Kryptographie\ Modern\ Asymmetrisch\ RSA-Chiffre
;[T];Kryptographie\ Modern\ Asymmetrisch\ RSA-Entschlüsselung
;[T];Kryptographie\ Modern\ Asymmetrisch\ RSA-Verschlüsselung
;[T];Kryptographie\ Modern\ Asymmetrisch\ RSA-Schlüsselgenerator
;[T];Protokolle\ Oblivious Transfer-Protokoll (1 aus n)
;[T];Protokolle\ Yaos Millionärs-Problem-Protokoll

Salsa20;K/T;
;[K];Moderne Verfahren\ Symmetrisch\ Salsa20
;[T];Kryptographie\ Modern\ Symmetrisch\ Salsa20-Chiffre

SAT-Solver;K/T;
;[K];Werkzeuge\ Sonstige\ SAT-Solver
;[T];Mathematisch\ SAT-Solver (Dateieingabe)
;[T];Mathematisch\ SAT-Solver (Texteingabe)

Sosemanuk;K/T;
;[K];Moderne Verfahren\ Symmetrisch\ Sosemanuk
;[T];Kryptographie\ Modern\ Symmetrisch\ Sosemanuk-Chiffre

Spanische Streifenchiffre;K/T;
;[K];Klassische Verfahren\ Spanische Streifenchiffre
;[T];Kryptographie\ Klassisch\ Spanische Streifenchiffre

Einfüge-Steganographie;K/T;
;[K];Steganographie\ Einfüge-Steganographie
;[T];Steganographie\ Steganographie Einsetzung Entschlüsselung
;[T];Steganographie\ Steganographie Einsetzung Verschlüsselung
;[T];Steganographie\ Steganographie Permutation Verschlüsselung

LSB-Steganographie;K/T;
;[K];Steganographie\ LSB-Steganographie
;[T];Steganographie\ Steganographie Niedrigstwertiges Bit Entschlüsselung
;[T];Steganographie\ Steganographie Niedrigstwertiges Bit Verschlüsselung
;[T];Steganographie\ Steganographie Niedrigstwertiges Bit Datenübertragung

Permutations-Steganographie;K/T;
;[K];Steganographie\ Permutations-Steganographie
;[T];Steganographie\ Steganographie Permutation Entschlüsselung
;[T];Steganographie\ Steganographie Permutation Bildübertragung

Lorenz SZ42;K;
;[K];Klassische Verfahren\ Lorenz SZ42

T-310;K/T;
;[K];Klassische Verfahren\ T-310
;[T];Kryptographie\ Klassisch\ T-310/50 Chiffriermaschine
;[T];Kryptographie\ Klassisch\ T-310/51 Chiffriermaschine

Passwortstärke;K/T;
;[K];Werkzeuge\ Sonstige\ Passwortstärke
;[T];Werkzeuge\ Passwortstärke ermitteln

Transkriptor;K/T;
;[K];Kryptoanalyse\ Generisch\ Transkriptor
;[T];Kryptoanalyse\ Klassisch\ Transkriptor im manuellen Modus
;[T];Kryptoanalyse\ Klassisch\ Transkriptor im semi-automatischen Modus

Variable lesen;K/T;
;[K];Werkzeuge\ Datenfluss\ Variable lesen
;[T];Codes\ QR-Code-Verschlüsselung
;[T];Protokolle\ Diffie-Hellman-Schlüsselaustausch
;[T];Werkzeuge\ Diffie-Hellman AES-Video-Audio-Chat

Variable speichern;K/T;
;[K];Werkzeuge\ Datenfluss\ Variable speichern
;[T];Codes\ QR-Code-Verschlüsselung
;[T];Protokolle\ Diffie-Hellman-Schlüsselaustausch
;[T];Werkzeuge\ Einfacher Video-Audio-Chat mit AES-Verschlüsselung
;[T];Werkzeuge\ Diffie-Hellman AES-Video-Audio-Chat

Vernam;K/T;
;[K];Klassische Verfahren\ Vernam
;[T];Kryptographie\ Klassisch\ Vernam-Chiffre

Visueller Decodierer;K/T;
;[K];Werkzeuge\ Sonstige\ Visueller Decodierer
;[T];Codes\ AES (CBC) mit PKCS#5 und IV, Ausgabe als QR-Code
;[T];Codes\ Decodiere QR-Code-Datei
;[T];Codes\ QR-Code-Verschlüsselung
;[T];Codes\ RSA-signierter QR-Code
;[T];Codes\ Einfache Erkennung optischer Codes

Visueller Codierer;K/T;
;[K];Werkzeuge\ Sonstige\ Visueller Codierer
;[T];Codes\ AES (CBC) mit PKCS#5 und IV, Ausgabe als QR-Code
;[T];Codes\ QR-Code erstellen
;[T];Codes\ QR-Code-Verschlüsselung
;[T];Codes\ RSA-signierter QR-Code
;[T];Codes\ VCard

Wasserzeichen-Generator;K/T;
;[K];Steganographie\ Wasserzeichen-Generator
;[T];Steganographie\ Wasserzeichen-Erzeuger -- Unsichtbares Wasserzeichen
;[T];Steganographie\ Wasserzeichen-Erzeuger -- Robustheit
;[T];Steganographie\ Wasserzeichen-Erzeuger -- Sichtbares Wasserzeichen

Kamera;K/T;
;[K];Werkzeuge\ Sonstige\ Kamera
;[T];Codes\ AES (CBC) mit PKCS#5 und IV, Ausgabe als QR-Code
;[T];Codes\ QR-Code-Verschlüsselung
;[T];Codes\ Einfache Erkennung optischer Codes
;[T];Werkzeuge\ Einfacher Video-Audio-Chat mit AES-Verschlüsselung
;[T];Werkzeuge\ Diffie-Hellman AES-Video-Audio-Chat
;[T];Werkzeuge\ Foto erstellen

Yao 1;K/T;
;[K];Protokolle\ Yao 1
;[T];Protokolle\ Yaos Millionärs-Problem-Protokoll

Yao 2;K/T;
;[K];Protokolle\ Yao 2
;[T];Protokolle\ Yaos Millionärs-Problem-Protokoll

Yao 3;K/T;
;[K];Protokolle\ Yao 3
;[T];Protokolle\ Yaos Millionärs-Problem-Protokoll

Zero-Knowledge-Beweiser;K/T;
;[K];Protokolle\ Zero-Knowledge-Beweiser
;[T];Protokolle\ Zero Knowledge-Protokoll

Zero-Knowledge-Verifizierer;K/T;
;[K];Protokolle\ Zero-Knowledge-Verifizierer
;[T];Protokolle\ Zero Knowledge-Protokoll

PRESENT;K/T;
;[K];Moderne Verfahren\ Symmetrisch\ PRESENT
;[T];Kryptographie\ Modern\ Symmetrisch\ PRESENT-Chiffre
;[T];Werkzeuge\ Keccak-Pseudozufallszahlengenerator (PRNG)

Primzahlgenerator;K/T;
;[K];Werkzeuge\ Daten-Ein-/Ausgabe\ Primzahlgenerator
;[T];Codes\ QR-Code-Verschlüsselung
;[T];Kryptoanalyse\ Modern\ RSA-Angriff auf gemeinsamen Faktor
;[T];Mathematisch\ Primzahlgenerator
;[T];Protokolle\ Diffie-Hellman-Schlüsselaustausch über Netzwerk
;[T];Werkzeuge\ Diffie-Hellman AES-Video-Audio-Chat

Cryptanalytic Process Executor;K;
;[K];Werkzeuge\ Sonstige\ Cryptanalytic Process Executor

Fortschritt;K/T;
;[K];Werkzeuge\ Sonstige\ Fortschritt
;[T];Hash-Funktionen\ Wörterbuch-Angriff auf einen Passwort-Hash-Wert

Skytale;K/T/W;
;[K];Klassische Verfahren\ Skytale
;[T];Kryptoanalyse\ Klassisch\ Skytale Brute-Force-Analyse
;[T];Kryptographie\ Klassisch\ Skytale-Chiffre
;[W];Verschlüsselungsverfahren\ Klassische Verschlüsselungsverfahren\ Skytale
;[W];Kryptoanalyse\ Klassische Verschlüsselung\ Skytale

Datenstrom-Vergleicher;K/T;
;[K];Werkzeuge\ Sonstige\ Datenstrom-Vergleicher
;[T];Codes\ RSA-signierter QR-Code
;[T];Kryptographie\ Modern\ Symmetrisch\ AES mit PKCS#5
;[T];Kryptographie\ Modern\ Symmetrisch\ DES Komplement-Eigenschaft
;[T];Hash-Funktionen\ Wörterbuch-Angriff auf einen Passwort-Hash-Wert
;[T];Hash-Funktionen\ MD5-Kollisionsfinder
;[T];Hash-Funktionen\ MD5 Salted-Hash-Vergleich
;[T];Protokolle\ Coin-Flipping-Protokoll

Substitution;K/T/W;
;[K];Klassische Verfahren\ Substitution
;[T];Kryptoanalyse\ Klassisch\ Angriff auf die monoalphabetische Substitution mit beliebigem Geheimtextalphabet
;[T];Kryptographie\ Klassisch\ Homophone Substitutions-Chiffre und Nomenklatur -- Entschlüsselung
;[T];Kryptographie\ Klassisch\ Homophone Substitutions-Chiffre und Nomenklatur -- Verschlüsselung
;[T];Kryptographie\ Klassisch\ Navajo-Code
;[T];Kryptographie\ Klassisch\ Substitutions-Chiffre
;[T];Kryptographie\ Klassisch\ Substitutions-Chiffre mit Passwort
;[T];Werkzeuge\ Text zerlegen
;[W];Verschlüsselungsverfahren\ Klassische Verschlüsselungsverfahren\ Substitution

TEA;K/T/W;
;[K];Moderne Verfahren\ Symmetrisch\ TEA
;[T];Kryptographie\ Modern\ Symmetrisch\ TEA-Chiffre
;[W];Verschlüsselungsverfahren\ Moderne Verschlüsselungsverfahren\ Symmetrische Verschlüsselungsverfahren\ TEA

Texteingabe;K;
;[K];Werkzeuge\ Daten-Ein-/Ausgabe\ Texteingabe

Trivium;K/T;
;[K];Moderne Verfahren\ Symmetrisch\ Trivium
;[T];Kryptoanalyse\ Modern\ Cube-Angriff auf Trivium

Vigenère;K/T/W;
;[K];Klassische Verfahren\ Vigenère
;[T];Kryptoanalyse\ Klassisch\ Statistiktests für klassische Chiffren
;[T];Kryptoanalyse\ Klassisch\ Vigenère Analyse
;[T];Kryptographie\ Klassisch\ Vigenère-Chiffre
;[W];Verschlüsselungsverfahren\ Klassische Verschlüsselungsverfahren\ Vigenère
;[W];Kryptoanalyse\ Klassische Verschlüsselung\ Vigenère

Vigenère Analyzer;K/T;
;[K];Kryptoanalyse\ Spezifisch\ Vigenère Analyzer
;[T];Kryptoanalyse\ Klassisch\ Kryptos K1 Analyse
;[T];Kryptoanalyse\ Klassisch\ Kryptos K2 Analyse
;[T];Kryptoanalyse\ Klassisch\ Vigenère Analyse

WEP-Protokoll;K/T;
;[K];Protokolle\ WEP-Protokoll
;[T];Protokolle\ WEP-Angriff

Angriffe auf das WEP-Protokoll;K/T;
;[K];Protokolle\ Angriffe auf das WEP-Protokoll
;[T];Protokolle\ WEP-Angriff

XOR;K/T/W;
;[K];Klassische Verfahren\ XOR
;[T];Kryptoanalyse\ Modern\ CBC-Angriff
;[T];Kryptographie\ Klassisch\ One-Time-Pad-Demo
;[T];Kryptographie\ Klassisch\ One-time-Pad-Fehlbenutzung
;[T];Kryptographie\ Klassisch\ XOR-Chiffre
;[T];Kryptographie\ Modern\ Symmetrisch\ DES Komplement-Eigenschaft
;[T];Kryptographie\ Modern\ Symmetrisch\ Keccak-Chiffre
;[T];Hash-Funktionen\ HMAC
;[W];Verschlüsselungsverfahren\ Klassische Verschlüsselungsverfahren\ XOR

CSV-Leser;K;
;[K];Werkzeuge\ Datenfluss\ CSV-Leser

Wörterbuch;K/T;
;[K];Werkzeuge\ Daten-Ein-/Ausgabe\ Wörterbuch
;[T];Kryptoanalyse\ Klassisch\ Caesar Brute-Force-Analyse
;[T];Kryptoanalyse\ Klassisch\ Skytale Brute-Force-Analyse
;[T];Kryptoanalyse\ Klassisch\ Solitaire Brute-Force-Analyse
;[T];Kryptoanalyse\ Klassisch\ Wortmusteranalyse
;[T];Hash-Funktionen\ Wörterbuch-Angriff auf einen Passwort-Hash-Wert

Faktorisierer;K/T;
;[K];Kryptoanalyse\ Generisch\ Faktorisierer
;[T];Mathematisch\ Faktorisierung mit Probedivision (Brute-Force)

Dateieingabe;K/T;
;[K];Werkzeuge\ Daten-Ein-/Ausgabe\ Dateieingabe
;[T];Kryptoanalyse\ Klassisch\ Wortmusteranalyse mit selbstdefiniertem Wörterbuch
;[T];Kryptographie\ Modern\ Symmetrisch\ AES-Chiffre (Dateieingabe)
;[T];Mathematisch\ SAT-Solver (Dateieingabe)
;[T];Steganographie\ Steganographie Einsetzung Entschlüsselung
;[T];Steganographie\ Steganographie Einsetzung Verschlüsselung
;[T];Steganographie\ Steganographie Niedrigstwertiges Bit Entschlüsselung
;[T];Steganographie\ Steganographie Niedrigstwertiges Bit Verschlüsselung
;[T];Steganographie\ Steganographie Niedrigstwertiges Bit Datenübertragung
;[T];Steganographie\ Steganographie Permutation Verschlüsselung
;[T];Steganographie\ Steganographie Permutation Bildübertragung

Dateiausgabe;K/T;
;[K];Werkzeuge\ Daten-Ein-/Ausgabe\ Dateiausgabe
;[T];Steganographie\ Steganographie Einsetzung Verschlüsselung
;[T];Steganographie\ Steganographie Niedrigstwertiges Bit Verschlüsselung
;[T];Steganographie\ Steganographie Permutation Verschlüsselung

Friedman-Test;K/T;
;[K];Kryptoanalyse\ Generisch\ Friedman-Test
;[T];Kryptoanalyse\ Klassisch\ Enigma-Analyse
;[T];Kryptoanalyse\ Klassisch\ Statistiktests für klassische Chiffren

Gate;K/T;
;[K];Werkzeuge\ Datenfluss\ Gate
;[T];Codes\ AES (CBC) mit PKCS#5 und IV, Ausgabe als QR-Code
;[T];Kryptoanalyse\ Klassisch\ Caesar Brute-Force-Analyse
;[T];Kryptoanalyse\ Klassisch\ Skytale Brute-Force-Analyse
;[T];Kryptographie\ Modern\ Symmetrisch\ AES (CBC) mit PKCS#5 und IV
;[T];Kryptographie\ Modern\ Symmetrisch\ AES (ECB) mit PKCS#5
;[T];Hash-Funktionen\ Wörterbuch-Angriff auf einen Passwort-Hash-Wert
;[T];Mathematisch\ Faktorisierung mit Probedivision (Brute-Force)
;[T];Mathematisch\ Schleife (1)
;[T];Mathematisch\ Nächstkleinere Primzahl
;[T];Protokolle\ WEP-Angriff

Hamming-Abstand;K/T;
;[K];Werkzeuge\ Sonstige\ Hamming-Abstand
;[T];Hash-Funktionen\ BildHash
;[T];Hash-Funktionen\ BildHash -- Weichzeichnungs-Vergleich
;[T];Mathematisch\ Hamming-Abstand

IDP-Analyse;K/T;
;[K];Kryptoanalyse\ Spezifisch\ IDP-Analyse
;[T];Kryptoanalyse\ Klassisch\ Wörterbuchangriff auf die doppelte Spaltentransposition

Inc Dec;K/T;
;[K];Werkzeuge\ Sonstige\ Inc Dec
;[T];Kryptoanalyse\ Klassisch\ Caesar Brute-Force-Analyse
;[T];Kryptoanalyse\ Klassisch\ Skytale Brute-Force-Analyse
;[T];Mathematisch\ Schleife (1)
;[T];Protokolle\ WEP-Angriff
;[T];Protokolle\ Yaos Millionärs-Problem-Protokoll

ISAP Bit-Commitment-Verfahren;K/T;
;[K];Protokolle\ ISAP Bit-Commitment-Verfahren
;[T];Mathematisch\ ISAP Bit-Commitment-Verfahren

Schlüsselsucher;K/T;
;[K];Kryptoanalyse\ Spezifisch\ Schlüsselsucher
;[T];Kryptoanalyse\ Modern\ AES Analyse per Entropie (1)
;[T];Kryptoanalyse\ Modern\ AES Known-Plaintext-Analyse (1)
;[T];Kryptoanalyse\ Modern\ DES Analyse per Entropie
;[T];Kryptoanalyse\ Modern\ DES Known-Plaintext-Analyse
;[T];Kryptoanalyse\ Modern\ AES-Analyse per Entropie (2) – mit veränderbarem Klartext
;[T];Kryptoanalyse\ Modern\ AES Known-Plaintext-Analyse (2)
;[T];Kryptoanalyse\ Modern\ DES Brute-Force-Analyse
;[T];Kryptoanalyse\ Modern\ SDES Brute-Force-Analyse
;[T];Kryptoanalyse\ Modern\ Triple-DES Brute-Force-Analyse
;[T];Kryptoanalyse\ Modern\ SDES Analyse per Entropie
;[T];Kryptoanalyse\ Modern\ SDES Known-Plaintext-Analyse

Gitterbasierte Kryptographie;N;
;[N];Kryptotutorien\ Gitterbasierte Kryptographie
;[N];Kryptotutorien\ Gitterbasierte Kryptographie\ Gitterbasierte Verschlüsselungssysteme\ GGH
;[N];Kryptotutorien\ Gitterbasierte Kryptographie\ Gitterbasierte Verschlüsselungssysteme\ LWE

Gitterbasierte Kryptoanalyse;N;
;[N];Kryptotutorien\ Gitterbasierte Kryptographie\ Gitterbasierte Angriffe\ Merkle-Hellman Knapsack
;[N];Kryptotutorien\ Gitterbasierte Kryptographie\ Gitterbasierte Angriffe\ RSA (Angriff auf stereotype Nachrichten)

Gitterbasierte Probleme;N;
;[N];Kryptotutorien\ Gitterbasierte Kryptographie\ Kürzester Vektor Problem (SVP)\ Gauß-Algorithmus
;[N];Kryptotutorien\ Gitterbasierte Kryptographie\ Kürzester Vektor Problem (SVP)\ LLL-Algorithmus
;[N];Kryptotutorien\ Gitterbasierte Kryptographie\ Nächster Vektor Problem (CVP)\ Finde nächsten Vektor

Nihilist;K/T;
;[K];Klassische Verfahren\ Nihilist
;[T];Kryptographie\ Klassisch\ Nihilist-Chiffre

Bildausgabe;K/T;
;[K];Werkzeuge\ Daten-Ein-/Ausgabe\ Bildausgabe
;[T];Kryptographie\ Klassisch\ One-time-Pad-Fehlbenutzung
;[T];Kryptographie\ Modern\ Symmetrisch\ Block-Modi von symmetrischen Chiffren
;[T];Werkzeuge\ Einfacher Video-Audio-Chat mit AES-Verschlüsselung
;[T];Werkzeuge\ Diffie-Hellman AES-Video-Audio-Chat
;[T];Werkzeuge\ Foto erstellen

Angriffe auf PKCS#1;N;
;[N];Kryptotutorien\ Angriffe auf PKCS#1
;[N];Kryptotutorien\ Angriffe auf PKCS#1\ Angriffe auf PKCS#1\ Bleichenbacher-Angriff
;[N];Kryptotutorien\ Angriffe auf PKCS#1\ Angriffe auf PKCS#1\ Angriff mit kürzeren Schlüsseln (Kühn)

PKCS#5;K/T;
;[K];Hash-Funktionen\ PKCS#5
;[T];Codes\ AES (CBC) mit PKCS#5 und IV, Ausgabe als QR-Code
;[T];Codes\ QR-Code-Verschlüsselung
;[T];Kryptographie\ Modern\ Symmetrisch\ AES mit PKCS#5
;[T];Kryptographie\ Modern\ Symmetrisch\ AES (CBC) mit PKCS#5 und IV
;[T];Kryptographie\ Modern\ Symmetrisch\ AES (ECB) mit PKCS#5
;[T];Werkzeuge\ Einfacher Video-Audio-Chat mit AES-Verschlüsselung
;[T];Werkzeuge\ Diffie-Hellman AES-Video-Audio-Chat

Die Welt der Primzahlen;N;
;[N];Kryptotutorien\ Die Welt der Primzahlen

Faktorisierung einer Zahl;N;
;[N];Kryptotutorien\ Die Welt der Primzahlen\ Faktorisierung\ Probedivision
;[N];Kryptotutorien\ Die Welt der Primzahlen\ Faktorisierung\ Quadratisches Sieb

Primzahltests;N;
;[N];Kryptotutorien\ Die Welt der Primzahlen\ Primzahltests\ Sieb des Eratosthenes
;[N];Kryptotutorien\ Die Welt der Primzahlen\ Primzahltests\ Miller-Rabin-Test
;[N];Kryptotutorien\ Die Welt der Primzahlen\ Primzahltests\ Sieb des Atkin

Erzeugung von Primzahlen;N;
;[N];Kryptotutorien\ Die Welt der Primzahlen\ Erzeugung von Primzahlen\ Erzeugung von Primzahlen

Verteilung der Primzahlen;N;
;[N];Kryptotutorien\ Die Welt der Primzahlen\ Verteilung der Primzahlen\ Zahlengerade
;[N];Kryptotutorien\ Die Welt der Primzahlen\ Verteilung der Primzahlen\ Zahlengitter
;[N];Kryptotutorien\ Die Welt der Primzahlen\ Verteilung der Primzahlen\ Anzahl der Primzahlen
;[N];Kryptotutorien\ Die Welt der Primzahlen\ Verteilung der Primzahlen\ Ulam-Spirale

Zahlentheorie;N;
;[N];Kryptotutorien\ Die Welt der Primzahlen\ Number theory\ Potenzieren (laufender Exponent)
;[N];Kryptotutorien\ Die Welt der Primzahlen\ Number theory\ Potenzieren (laufende Basis)
;[N];Kryptotutorien\ Die Welt der Primzahlen\ Zahlentheorie\ Zahlentheoretische Funktionen
;[N];Kryptotutorien\ Die Welt der Primzahlen\ Zahlentheorie\ Primitivwurzeln
;[N];Kryptotutorien\ Die Welt der Primzahlen\ Zahlentheorie\ Goldbach-Vermutung

Primzahltest;K/T;
;[K];Kryptoanalyse\ Generisch\ Primzahltest
;[T];Mathematisch\ Nächstkleinere Primzahl
;[T];Mathematisch\ Primzahltest

RIPEMD160;K/T;
;[K];Hash-Funktionen\ RIPEMD160
;[T];Hash-Funktionen\ RIPEMD160

SHA;K/T;
;[K];Hash-Funktionen\ SHA
;[T];Kryptographie\ Modern\ Symmetrisch\ AES-Chiffre mit SHA-Hashwerten
;[T];Hash-Funktionen\ Wörterbuch-Angriff auf einen Passwort-Hash-Wert
;[T];Hash-Funktionen\ Passwort-Speicherung mittels Salted SHA-1
;[T];Hash-Funktionen\ Passwort-Verifizierung mittels Salted SHA-1
;[T];Hash-Funktionen\ PBKDF-1 (PKCS#5 2.0)
;[T];Hash-Funktionen\ SHA-1 Kollision
;[T];Hash-Funktionen\ SHA-1
;[T];Hash-Funktionen\ SHA-256
;[T];Protokolle\ Coin-Flipping-Protokoll
;[T];Werkzeuge\ Einfacher AES-Chat

SHA-1;K;
;[K];Hash-Funktionen\ SHA

SHA-256;K;
;[K];Hash-Funktionen\ SHA

SHA-384;K;
;[K];Hash-Funktionen\ SHA

SHA-512;K;
;[K];Hash-Funktionen\ SHA

Smartcard;K/T;
;[K];Protokolle\ Smartcard
;[T];Protokolle\ Kommunikation mit einer SmartCard

Smartcard Interpreter;K/T;
;[K];Protokolle\ Smartcard Interpreter
;[T];Protokolle\ Kommunikation mit einer SmartCard

Solitaire;K/T;
;[K];Klassische Verfahren\ Solitaire
;[T];Kryptographie\ Klassisch\ Solitaire-Chiffre

Solitaire-Analyse;K/T;
;[K];Kryptoanalyse\ Spezifisch\ Solitaire-Analyse
;[T];Kryptoanalyse\ Klassisch\ Solitaire Brute-Force-Analyse

Splitter;K;
;[K];Werkzeuge\ Datenfluss\ Splitter

Zeichenketten-Operationen;K/T;
;[K];Werkzeuge\ Sonstige\ Zeichenketten-Operationen
;[T];Mathematisch\ Levenshtein-Distanz

Textausgabe;K/T;
;[K];Werkzeuge\ Daten-Ein-/Ausgabe\ Textausgabe
;[T];Kryptoanalyse\ Klassisch\ Transkriptor im manuellen Modus
;[T];Kryptoanalyse\ Klassisch\ Transkriptor im semi-automatischen Modus

Tiger;K/T;
;[K];Hash-Funktionen\ Tiger
;[T];Hash-Funktionen\ Tiger

Transposition;K/T/W;
;[K];Klassische Verfahren\ Transposition
;[T];Kryptoanalyse\ Klassisch\ Transposition Brute-Force-Analyse
;[T];Kryptoanalyse\ Klassisch\ Transposition Crib-Analyse
;[T];Kryptoanalyse\ Klassisch\ Transposition Genetische Analyse
;[T];Kryptoanalyse\ Klassisch\ Transposition Hill-Climbing-Analyse
;[T];Kryptographie\ Klassisch\ Transpositions-Chiffre
;[W];Verschlüsselungsverfahren\ Klassische Verschlüsselungsverfahren\ Transposition

Transpositions-Analyse;K/T;
;[K];Kryptoanalyse\ Spezifisch\ Transpositions-Analyse
;[T];Kryptoanalyse\ Klassisch\ Wörterbuchangriff auf die doppelte Spaltentransposition
;[T];Kryptoanalyse\ Klassisch\ Transposition Brute-Force-Analyse
;[T];Kryptoanalyse\ Klassisch\ Transposition Crib-Analyse
;[T];Kryptoanalyse\ Klassisch\ Transposition Genetische Analyse
;[T];Kryptoanalyse\ Klassisch\ Transposition Hill-Climbing-Analyse

Twofish;K/T/W;
;[K];Moderne Verfahren\ Symmetrisch\ Twofish
;[T];Kryptographie\ Modern\ Symmetrisch\ Twofish-Chiffre
;[W];Verschlüsselungsverfahren\ Moderne Verschlüsselungsverfahren\ Symmetrische Verschlüsselungsverfahren\ Twofish

Whirlpool;K/T;
;[K];Hash-Funktionen\ Whirlpool
;[T];Hash-Funktionen\ Whirlpool

Wortmuster;K/T;
;[K];Kryptoanalyse\ Generisch\ Wortmuster
;[T];Kryptoanalyse\ Klassisch\ Wortmusteranalyse
;[T];Kryptoanalyse\ Klassisch\ Wortmusteranalyse mit selbstdefiniertem Wörterbuch

RSA-Verschlüsselung;W;
;[W];Verschlüsselungsverfahren\ Moderne Verschlüsselungsverfahren\ Asymmetrische Verschlüsselungsverfahren\ RSA\ RSA-Verschlüsselung

RSA-Entschlüsselung;W;
;[W];Verschlüsselungsverfahren\ Moderne Verschlüsselungsverfahren\ Asymmetrische Verschlüsselungsverfahren\ RSA\ RSA-Entschlüsselung

Monoalphabetische Substitution;W;
;[W];Kryptoanalyse\ Klassische Verschlüsselung\ Monoalphabetische Substitution

Brute-force;W;
;[W];Kryptoanalyse\ Klassische Verschlüsselung\ Transposition\ Brute-force

Genetisch;W;
;[W];Kryptoanalyse\ Klassische Verschlüsselung\ Transposition\ Genetisch

Crib;W;
;[W];Kryptoanalyse\ Klassische Verschlüsselung\ Transposition\ Crib

Ciphertext-only;W;
;[W];Kryptoanalyse\ Moderne Verschlüsselung\ Symmetrische Verschlüsselung\ AES\ Ciphertext-only
;[W];Kryptoanalyse\ Moderne Verschlüsselung\ Symmetrische Verschlüsselung\ SDES\ Ciphertext-only

Bekannter Klartext;W;
;[W];Kryptoanalyse\ Moderne Verschlüsselung\ Symmetrische Verschlüsselung\ AES\ Bekannter Klartext
;[W];Kryptoanalyse\ Moderne Verschlüsselung\ Symmetrische Verschlüsselung\ DES\ Bekannter Klartext
;[W];Kryptoanalyse\ Moderne Verschlüsselung\ Symmetrische Verschlüsselung\ SDES\ Bekannter Klartext

Ciphertext-only-Analyse;W;
;[W];Kryptoanalyse\ Moderne Verschlüsselung\ Symmetrische Verschlüsselung\ DES\ Ciphertext-only-Analyse

Primfaktorzerlegung;W;
;[W];Mathematische Funktionen\ Primfaktorzerlegung

Primzahl-Erzeugung;W;
;[W];Mathematische Funktionen\ Primzahl-Operationen\ Primzahl-Erzeugung

Codierung;W;
;[W];Codierungen\ Codierung

Erstelle visuellen Code;W;
;[W];Codierungen\ Erstelle visuellen Code

Decodiere visuellen Code;W;
;[W];Codierungen\ Decodiere visuellen Code

Verschlüsseln mit Passwort;W;
;[W];Werkzeuge\ Verschlüsseln mit Passwort

Passwort-Stärke;W;
;[W];Werkzeuge\ Passwort-Stärke

Heartbleed-Analyse;W;
;[W];Werkzeuge\ Heartbleed-Analyse

Zufallszahlen;W;
;[W];Werkzeuge\ Zufallszahlen

