CT1:static:1+JCT:static:1;3DES;CT1:X\JCT:A;CT1:X \ Encrypt \ Decrypt \ Symmetric (modern) \ Triple DES… <br /> JCT:A \ Block Ciphers \ Block Ciphers \ DESede_CBC (OID: 1.2.840.113549.3.7);2) Modern Ciphers
CT1:static:2;3DES Brute-Force Attack;CT1:X;CT1:X \ Analysis \ Symmetric Encryption (modern) \ Triple DES…;7) Modern Cryptanalysis
CT1:static:3+JCT:static:2;ADFGVX;CT1:X\JCT:D;CT1:X \ Encrypt \ Decrypt \ Symmetric (classic) \ ADFGVX… <br /> JCT:D \ Algorithms \ Classic \ ADFGVX;1) Classic Ciphers
CT1:static:4;ADFGVX Analysis;CT1:X;CT1:X \ Analysis \ Symmetric Encryption (classic) \ Ciphertext-Only \ ADFGVX…;6) Classic Cryptanalysis
CT1:static:5+CT1:static:6+CTO:static:2+JCT:static:3+JCT:static:4+JCT:static:5+JCT:static:6+JCT:static:7+JCT:static:8+JCT:static:9+JCT:static:10+JCT:static:11+JCT:static:12+JCT:static:13+JCT:static:14;AES;CT1:X\CTO:X\JCT:D;CT1:X \ Encrypt \ Decrypt \ Symmetric (modern) \ AES (CBC)... <br /> CT1:X \ Encrypt \ Decrypt \ Symmetric (modern) \ AES (self extracting)… <br /> CTO:X \ Highlights \ AES <br /> JCT:D \ Block Ciphers \ Block Ciphers \ Rijndael \ AES128_CBC (OID: 2.16.840.1.101.3.4.1.2) <br /> JCT:D \ Block Ciphers \ Block Ciphers \ Rijndael \ AES128_CFB (OID: 2.16.840.1.101.3.4.1.4) <br /> JCT:D \ Block Ciphers \ Block Ciphers \ Rijndael \ AES128_ECB (OID: 2.16.840.1.101.3.4.1.1) <br /> JCT:D \ Block Ciphers \ Block Ciphers \ Rijndael \ AES128_OFB (OID: 2.16.840.1.101.3.4.1.3) <br /> JCT:D \ Block Ciphers \ Block Ciphers \ Rijndael \ AES192_CBC (OID: 2.16.840.1.101.3.4.1.22) <br /> JCT:D \ Block Ciphers \ Block Ciphers \ Rijndael \ AES192_CFB (OID: 2.16.840.1.101.3.4.1.24) <br /> JCT:D \ Block Ciphers \ Block Ciphers \ Rijndael \ AES192_ECB (OID: 2.16.840.1.101.3.4.1.21) <br /> JCT:D \ Block Ciphers \ Block Ciphers \ Rijndael \ AES192_OFB (OID: 2.16.840.1.101.3.4.1.23) <br /> JCT:D \ Block Ciphers \ Block Ciphers \ Rijndael \ AES256_CBC (OID: 2.16.840.1.101.3.4.1.42) <br /> JCT:D \ Block Ciphers \ Block Ciphers \ Rijndael \ AES256_ECB (OID: 2.16.840.1.101.3.4.1.41) <br /> JCT:D \ Block Ciphers \ Block Ciphers \ Rijndael \ AES256_CFB (OID: 2.16.840.1.101.3.4.1.44) <br /> JCT:D \ Block Ciphers \ Block Ciphers \ Rijndael \ AES256_CFB (OID: 2.16.840.1.101.3.4.1.43);2) Modern Ciphers
CT1:static:7;AES Brute-Force Attack;CT1:X;CT1:X \ Analysis \ Symmetric Encryption (modern) \ AES (CBC)…;7) Modern Cryptanalysis
CT1:static:8;AES Visualization;CT1:X;CT1:X \ Indiv. Procedures \ Visualization of Algorithms \ AES \ ;10) Learning Aids and Visualizations
CT1:static:9;ASN.1;CT1:X;CT1:X \ Indiv. Procedures \ Tools \ Codes \ Decode ASN.1 Code of a Document;9) Codings
CT1:static:10;Atbash;CT1:X;CT1:X \ Encrypt \ Decrypt \ Symmetric (classic) \ Substitution \ Atbash…;1) Classic Ciphers
CT1:static:11+CT1:static:12;Authentication Methods in Networks Visualization;CT1:X;CT1:X \ Indiv. Procedures \ Protocols \ Network Authentication…;10) Learning Aids and Visualizations
CT1:static:13+CTO:static:7;Autocorrelation;CT1:X\CTO:X;CT1:X \ Analysis \ Tools for Analysis \ Autocorrelation <br /> CTO:X \ Cryptanalysis \ Autocorrelation;6) Classic Cryptanalysis
CT1:static:14+CTO:static:12;Base 64 Decode;CT1:X\CTO:X;CT1:X \ Indiv. Procedures \ Tools \ Codes \ Base64 Encode \ Decode \ Base64 Decode <br /> CTO:X \ Codings \ Base64;9) Codings
CT1:static:15+CTO:static:13;Base 64 Encode;CT1:X\CTO:X;CT1:X \ Indiv. Procedures \ Tools \ Codes \ Base64 Encode \ Decode \ Base64 Encode <br /> CTO:X \ Codings \ Base64;9) Codings
CT1:static:16;Byte Addition;CT1:X;CT1:X \ Encrypt \ Decrypt \ Symmetric (classic) \ Byte Addition…;1) Classic Ciphers
CT1:static:17;Byte Addition Analysis;CT1:X;CT1:X \ Analysis \ Symmetric Encryption (classic) \ Ciphertext-Only \ Byte Addition;6) Classic Cryptanalysis
CT1:static:18+CTO:static:16+JCT:static:20;Caesar;CT1:X\CTO:X\JCT:D;CT1:X \ Encrypt \ Decrypt \ Symmetric (classic) \ Caesar \ Rot-13… <br /> CTO:X \ Ciphers \ Caesar \ Rot-13 <br /> JCT:D \ Algorithms \ Classic \ Caesar;1) Classic Ciphers
CT1:static:19;Caesar Analysis;CT1:X;CT1:X \ Analysis \ Symmetric Encryption (classic) \ Ciphertext-Only \ Caesar;6) Classic Cryptanalysis
CT1:static:20;Caesar Visualization;CT1:X;CT1:X \ Indiv. Procedures \ Visualization of Algorithms \ Caesar…;10) Learning Aids and Visualizations
CT1:static:21+JCT:static:38;Chinese Remainder Theorem Visualization;CT1:X\JCT:D;CT1:X \ Indiv. Procedures \ Chinese Remainder Theorem Applications \  <br /> JCT:D \ Visualizations \ Chinese Remainder Theorem;10) Learning Aids and Visualizations
CT1:static:22;DES;CT1:X;CT1:X \ Encrypt \ Decrypt \ Symmetric (modern) \ DES…;2) Modern Ciphers
CT1:static:23;DES Brute-Force Attack;CT1:X;CT1:X \ Analysis \ Symmetric Encryption (modern) \ DES…;7) Modern Cryptanalysis
CT1:static:24;DES Visualization;CT1:X;CT1:X \ Indiv. Procedures \ Visualization of Algorithms \ DES…;10) Learning Aids and Visualizations
CT1:static:25;DESL;CT1:X;CT1:X \ Encrypt \ Decrypt \ Symmetric (modern) \ Further Algorithms \ DESL…;2) Modern Ciphers
CT1:static:26;DESL Brute-Force Attack;CT1:X;CT1:X \ Analysis \ Symmetric Encryption (modern) \ Further Algorithms \ DESL…;7) Modern Cryptanalysis
CT1:static:27;DESX;CT1:X;CT1:X \ Encrypt \ Decrypt \ Symmetric (modern) \ Further Algorithms \ DESX…;2) Modern Ciphers
CT1:static:28;DESX Brute-Force Attack;CT1:X;CT1:X \ Analysis \ Symmetric Encryption (modern) \ Further Algorithms \ DESX…;7) Modern Cryptanalysis
CT1:static:29;DESXL;CT1:X;CT1:X \ Encrypt \ Decrypt \ Symmetric (modern) \ Further Algorithms \ DESXL…;2) Modern Ciphers
CT1:static:30;DESXL Brute-Force Attack;CT1:X;CT1:X \ Analysis \ Symmetric Encryption (modern) \ Further Algorithms \ DESXL…;7) Modern Cryptanalysis
CT1:static:31+CT1:static:32+JCT:static:58+JCT:static:59;Diffie-Hellman Key Exchange (Perfect Forward Secrecy) Visualization;CT1:X\JCT:D;CT1:X \ Indiv. Procedures \ Protocols \ Diffie-Hellman Demonstration… <br /> JCT:D \ Visualizations \ Diffie-Hellman Key Exchange (EC) <br /> JCT:D \ Visuals \ Diffie-Hellman Key Exchange (EC);10) Learning Aids and Visualizations
CT1:static:33+CT1:static:34+JCT:static:60;Digital Signatures Visualization;CT1:X\JCT:D;CT1:X \ Digital Signatures \ PKI \ Signature Demonstration (Signature Generation)… <br /> CT1:X \ Indiv. Procedures \ RSA Cryptosystem \ Signature Demonstration (Signature Generation)… <br /> JCT:D \ Visualizations \ Signature Demonstration;10) Learning Aids and Visualizations
CT1:static:35;Display/Export Keys;CT1:X;CT1:X \ Digital Signatures \ PKI \ Display \ Export Keys…;4) Digital Signatures, PKI
CT1:static:36+JCT:static:64;DSA;CT1:X\JCT:A;CT1:X \ Digital Signatures \ PKI \ Sign Document... \ DSA <br /> JCT:A \ Signatures \ Signatures \ RAW \ DSA;4) Digital Signatures, PKI
CT1:static:37;ECC-AES;CT1:X;CT1:X \ Encrypt \ Decrypt \ Hybrid \ ECC-AES…;2) Modern Ciphers
CT1:static:38+JCT:static:65+JCT:static:66+JCT:static:67+JCT:static:68+JCT:static:69+JCT:static:70;ECDSA;CT1:X\JCT:A;CT1:X \ Digital Signatures \ PKI \ Sign Document... \ ECSP-DSA <br /> JCT:A \ Signatures \ Signatures \ RawECDSA <br /> JCT:A \ Signatures \ Signatures \ SHA1 \ ECDSA (OID: 1.2.840.10045.4.1) <br /> JCT:A \ Signatures \ Signatures \ SHA224 \ ECDSA (OID: 1.2.840.10045.4.3.1) <br /> JCT:A \ Signatures \ Signatures \ SHA256 \ ECDSA (OID: 1.2.840.10045.4.3.2) <br /> JCT:A \ Signatures \ Signatures \ SHA384 \ ECDSA (OID: 1.2.840.10045.4.3.3) <br /> JCT:A \ Signatures \ Signatures \ SHA512 \ ECDSA (OID: 1.2.840.10045.4.3.4);4) Digital Signatures, PKI
CT1:static:39+JCT:static:72;ECNR;CT1:X\JCT:A;CT1:X \ Digital Signatures \ PKI \ Sign Document... \ ECSP-NR <br /> JCT:A \ Signatures \ SHA1 \ ECNR;4) Digital Signatures, PKI
CT1:static:40+JCT:static:76;Elliptic Curve Calculations Visualization;CT1:X\JCT:D;CT1:X \ Indiv. Procedures \ Number Theory - Interactive \ Point Addition on Elliptic Curves… <br /> JCT:D \ Visualizations \ Elliptic Curve Calculations;10) Learning Aids and Visualizations
CT1:static:41;Enigma Visualization;CT1:X;CT1:X \ Indiv. Procedures \ Visualization of Algorithms \ Enigma…;10) Learning Aids and Visualizations
CT1:static:42+JCT:static:79;Entropy;CT1:X\JCT:D;CT1:X \ Analysis \ Tools for Analysis \ Entropy <br /> JCT:D \ Analysis \ Entropy Analysis;6) Classic Cryptanalysis
CT1:static:43;Extract Signature;CT1:X;CT1:X \ Digital Signatures \ PKI \ Extract Signature…;4) Digital Signatures, PKI
CT1:static:44+CT1:static:45+CT1:static:46+CT1:static:47+CT1:static:48+CT1:static:49;Factorization of a Number;CT1:X;CT1:X \ Indiv. Procedures \ RSA Cryptosystem \ Factorization of a Number… \ Brute-force <br /> CT1:X \ Indiv. Procedures \ RSA Cryptosystem \ Factorization of a Number… \ Brent <br /> CT1:X \ Indiv. Procedures \ RSA Cryptosystem \ Factorization of a Number… \ Pollard <br /> CT1:X \ Indiv. Procedures \ RSA Cryptosystem \ Factorization of a Number… \ Williams <br /> CT1:X \ Indiv. Procedures \ RSA Cryptosystem \ Factorization of a Number… \ Lenstra <br /> CT1:X \ Indiv. Procedures \ RSA Cryptosystem \ Factorization of a Number… \ Quadratic Sieve;12) Prime numbers
CT1:static:50;FIPS PUB-140-1;CT1:X;CT1:X \ Analysis \ Analyze Randomness \ FIPS PUB-140-1 Test Battery;7) Modern Cryptanalysis
CT1:static:51+CT1:static:52+CTO:static:22+JCT:static:84;Frequency Test;CT1:X\CTO:X\JCT:D;CT1:X \ Analysis \ Analyze Randomness \ Frequency Test... <br /> CT1:X \ Analysis \ Tools for Analysis \ Floating Frequency <br /> CTO:X \ Cryptanalysis \ Frequency Analysis <br /> JCT:D \ Analysis \ Frequency Analysis;6) Classic Cryptanalysis
CT1:static:53;Generate/Import Keys;CT1:X;CT1:X \ Digital Signatures \ PKI \ Generate \ Import Keys…;4) Digital Signatures, PKI
CT1:static:54+CT1:static:55+CT1:static:56;Generation of Prime Numbers;CT1:X;CT1:X \ Indiv. Procedures \ RSA Cryptosystem \ Generate Prime Numbers… \ Miller-Rabin Test <br /> CT1:X \ Indiv. Procedures \ RSA Cryptosystem \ Generate Prime Numbers… \ Solovay-Strassen Test <br /> CT1:X \ Indiv. Procedures \ RSA Cryptosystem \ Generate Prime Numbers… \ FermatTest;12) Prime numbers
CT1:static:57+JCT:static:93;Hash Algorithms Visualization;CT1:X\JCT:D;CT1:X \ Indiv Procedures \ Hash \ Hash Demonstration… <br /> JCT:D \ Visualizations \ Hash Sensitivity;10) Learning Aids and Visualizations
CT1:static:58;Hash Collisions;CT1:X;CT1:X \ Analysis \ Hash \ Attack on the Hash Value of the Digital Signature…;7) Modern Cryptanalysis
CT1:static:59+JCT:static:94+JCT:static:95+JCT:static:96+JCT:static:97;Hash Value of a File;CT1:X\JCT:D\A;CT1:X \ Indiv. Procedures \ Hash \ Hash Value of a File… <br /> Hash \ MD5 <br /> Hash \ SHA <br /> Hash \ SHA3-Candidates <br /> Messages Digests \ ;3) Hash and MAC Algorithms
CT1:static:60+CTO:static:24;Hill;CT1:X\CTO:X;CT1:X \ Encrypt \ Decrypt \ Symmetric (classic) \ Hill… <br /> CTO:X \ Ciphers \ Hill;1) Classic Ciphers
CT1:static:61;Hill Analysis;CT1:X;CT1:X \ Analysis \ Symmetric encryption (classic) \ Known Plaintext \ Hill…;6) Classic Cryptanalysis
CT1:static:62;Histogram;CT1:X;CT1:X \ Analysis \ Tools for Analysis \ Histogram;6) Classic Cryptanalysis
CT1:static:63+JCT:static:98+JCT:static:99+JCT:static:100+JCT:static:101+JCT:static:102+JCT:static:103+JCT:static:104+JCT:static:105+JCT:static:106+JCT:static:107+JCT:static:108+JCT:static:109+JCT:static:110;HMACs;CT1:X\JCT:A;CT1:X \ Indiv. Procedures \ Hash \ Generation of HMACs… <br /> JCT:A \ Message Authentication Codes \ Message Authentication Codes \ Hmac (OID: 1.3.6.1.5.5.8.1.2) <br /> JCT:A \ Message Authentication Codes \ Message Authentication Codes \ HmacDHA256 <br /> JCT:A \ Message Authentication Codes \ Message Authentication Codes \ HmacFORK256 <br /> JCT:A \ Message Authentication Codes \ Message Authentication Codes \ HmacMD4 <br /> JCT:A \ Message Authentication Codes \ Message Authentication Codes \ HmacMD5 (OID: 1.3.6.1.5.5.8.1.1) <br /> JCT:A \ Message Authentication Codes \ Message Authentication Codes \ HmacRIPEMD128 <br /> JCT:A \ Message Authentication Codes \ Message Authentication Codes \ HmacRIPEMD160 (OID: 1.3.6.1.5.5.8.1.4) <br /> JCT:A \ Message Authentication Codes \ Message Authentication Codes \ HmacRIPEMD256 <br /> JCT:A \ Message Authentication Codes \ Message Authentication Codes \ HmacRIPEMD320 <br /> JCT:A \ Message Authentication Codes \ Message Authentication Codes \ HmacSHA224 <br /> JCT:A \ Message Authentication Codes \ Message Authentication Codes \ HmacSHA256 <br /> JCT:A \ Message Authentication Codes \ Message Authentication Codes \ HmacSHA384 <br /> JCT:A \ Message Authentication Codes \ Message Authentication Codes \ HmacSHA512;3) Hash and MAC Algorithms
CT1:static:64+CTO:static:25;Homophone;CT1:X\CTO:X;CT1:X \ Encrypt \ Decrypt \ Symmetric (classic) \ Homophone… <br /> CTO:X \ Ciphers \ Homophonic;1) Classic Ciphers
CT1:static:65+JCT:static:113+JCT:static:114+JCT:static:115+JCT:static:116;IDEA;CT1:X\JCT:D;CT1:X \ Encrypt \ Decrypt \ Symmetric (modern) \ IDEA… <br /> JCT:D \ Block Ciphers \ Block Ciphers \ IDEA_ECB (OID: 1.3.6.1.4.1.188.7.1.1.1) <br /> JCT:D \ Block Ciphers \ Block Ciphers \ IDEA_CBC (OID: 1.3.6.1.4.1.188.7.1.1.2) <br /> JCT:D \ Block Ciphers \ Block Ciphers \ IDEA_CFB (OID: 1.3.6.1.4.1.188.7.1.1.3) <br /> JCT:D \ Block Ciphers \ Block Ciphers \ IDEA_OFB (OID: 1.3.6.1.4.1.188.7.1.1.4);2) Modern Ciphers
CT1:static:66;IDEA Brute-Force Attack;CT1:X;CT1:X \ Analysis \ Symmetric Encryption (modern) \ IDEA…;7) Modern Cryptanalysis
CT1:static:67;Inverse Congruence Generator (ICG) (PRNG);CT1:X;CT1:X \ Indiv. Procedures \ Tools \ Generate Random Numbers…;5) Random Number Generators
CT1:static:68;Key Generation from Password (PKCS#5);CT1:X;CT1:X \ Indiv. Procedures \ Hash \ Key Generation from Password (PKCS #5)…;3) Hash and MAC Algorithms
CT1:static:69;Length of a number;CT1:X;CT1:X \ Indiv. Procedures \ Tools \ Length of a number…;10) Learning Aids and Visualizations
CT1:static:70;Linear Congruence Generator (LCG) (PRNG);CT1:X;CT1:X \ Indiv. Procedures \ Tools \ Generate Random Numbers…;5) Random Number Generators
CT1:static:71+JCT:static:128;MARS;CT1:X\JCT:A;CT1:X \ Encrypt \ Decrypt \ Symmetric (modern) \ Further Algorithms \ MARS… <br /> JCT:A \ Block Ciphers \ MARS;2) Modern Ciphers
CT1:static:72;MARS Brute-Force Attack;CT1:X;CT1:X \ Analysis \ Symmetric Encryption (modern) \ Further Algorithms \ MARS…;7) Modern Cryptanalysis
CT1:static:73;MD2;CT1:X;CT1:X \ Indiv. Procedures \ Hash \ MD2;3) Hash and MAC Algorithms
CT1:static:74+JCT:static:133;MD4;CT1:X\JCT:A;CT1:X \ Indiv. Procedures \ Hash \ MD4 <br /> JCT:A \ Message Digests \ MD4 (OID: 1.2.840.113549.2.4);3) Hash and MAC Algorithms
CT1:static:75+JCT:static:134;MD5;CT1:X\JCT:D;CT1:X \ Indiv. Procedures \ Hash \ MD5 <br /> JCT:D \ Message Digests \ MD5 (OID: 1.2.840.113549.2.5);3) Hash and MAC Algorithms
CT1:static:76+CTO:static:30;N-Gram Analysis;CT1:X\CTO:X;CT1:X \ Analysis \ Tools for Analysis \ N-Gram… <br /> CTO:X \ Cryptanalysis \ N-Gram Analysis;6) Classic Cryptanalysis
CT1:static:77;Nihilist Visualization;CT1:X;CT1:X \ Indiv. Procedures \ Visualization of Algorithms \ Nihilist…;10) Learning Aids and Visualizations
CT1:static:78+CTO:static:33+JCT:static:148;Number Shark;CT1:X\CTO:X\JCT:D;CT1:X \ Indiv. Procedures \ Educational Games \ Number Shark <br /> CTO:X \ Highlights \ Taxman <br /> JCT:D \ Games \ Number Shark;11) Games
CT1:static:79+CT1:static:80;Number Theory;CT1:X;CT1:X \ Indiv. Procedures \ Number Theory - Interactive \  <br /> CT1:X \ Indiv. Procedures \ Number Theory - Interactive \ Generic t-adic-NAF Key Generator;10) Learning Aids and Visualizations
CT1:static:81+CT1:static:82+CTO:static:35;Password Quality Visualization;CT1:X\CTO:X;CT1:X \ Indiv. Procedures \ Tools \ Password Quality Meter... <br /> CT1:X \ Indiv. Procedures \ Tools \ Password Entropy... <br /> CTO:X \ Highlights \ Password Check;10) Learning Aids and Visualizations
CT1:static:83;Periodicity Analysis;CT1:X;CT1:X \ Analysis \ Tools for Analysis \ Periodicity;6) Classic Cryptanalysis
CT1:static:84+CTO:static:36+JCT:static:154;Playfair;CT1:X\CTO:X\JCT:D;CT1:X \ Encrypt \ Decrypt \ Symmetric (classic) \ Playfair… <br /> CTO:X \ Ciphers \ Playfair <br /> JCT:D \ Algorithms \ Classic \ Playfair;1) Classic Ciphers
CT1:static:85;Playfair Analysis;CT1:X;CT1:X \ Analysis \ Symmetric Encryption (classic) \ Manual Analysis \ Playfair…;6) Classic Cryptanalysis
CT1:static:86;Poker Test;CT1:X;CT1:X \ Analysis \ Analyze Randomness \ Poker Test…;7) Modern Cryptanalysis
CT1:static:87+CT1:static:88+CT1:static:89+CT1:static:90;Prime Number Test;CT1:X;CT1:X \ Indiv. Procedures \ RSA Cryptosystem \ Prime Number Test… \ Miller-Rabin Test <br /> CT1:X \ Indiv. Procedures \ RSA Cryptosystem \ Prime Number Test… \ Fermat Test <br /> CT1:X \ Indiv. Procedures \ RSA Cryptosystem \ Prime Number Test… \ Solovay-Strassen test <br /> CT1:X \ Indiv. Procedures \ RSA Cryptosystem \ Prime Number Test… \ AKS test (deterministic procedure);12) Prime numbers
CT1:static:91+CT1:static:92+CT1:static:93;Prime Number Tutorial;CT1:X;CT1:X \ Indiv. Procedures \ RSA Cryptosystem \ Prime Number Test… <br /> CT1:X \ Indiv. Procedures \ RSA Cryptosystem \ Generate Prime Numbers… <br /> CT1:X \ Indiv. Procedures \ RSA Cryptosystem \ Factorization of a Number…;12) Prime numbers
CT1:static:94+CTO:static:40;Rail Fence;CT1:X\CTO:X;CT1:X \ Encrypt \ Decrypt \ Symmetric (classic) \ Scytale \ Rail Fence… <br /> CTO:X \ Ciphers \ Zigzag (Rail Fence);1) Classic Ciphers
CT1:static:95;Randomness Visualization;CT1:X;CT1:X \ Analysis \ Analyze Randomness \ 3D Visualization…;10) Learning Aids and Visualizations
CT1:static:96+JCT:static:156;RC2;CT1:X\JCT:A;CT1:X \ Encrypt \ Decrypt \ Symmetric (modern) \ RC2… <br /> JCT:A \ Block Ciphers \ Block Ciphers \ RC2_CBC (OID: 1.2.840.113549.3.2);2) Modern Ciphers
CT1:static:97;RC2 Brute-Force Attack;CT1:X;CT1:X \ Analysis \ Symmetric Encryption (modern) \ RC2…;7) Modern Cryptanalysis
CT1:static:98+JCT:static:157;RC4;CT1:X\JCT:D;CT1:X \ Encrypt \ Decrypt \ Symmetric (modern) \ RC4… <br /> JCT:D \ Algorithms \ Symmetric \ ARC4 \ Spritz;2) Modern Ciphers
CT1:static:99;RC4 Brute-Force Attack;CT1:X;CT1:X \ Analysis \ Symmetric Encryption (modern) \ RC4…;7) Modern Cryptanalysis
CT1:static:100+JCT:static:160;RC6;CT1:X\JCT:D\A;CT1:X \ Encrypt \ Decrypt \ Symmetric (modern) \ Further Algorithms \ RC6… <br /> Block Ciphers \ RC6;2) Modern Ciphers
CT1:static:101;RC6 Brute-Force Attack;CT1:X;CT1:X \ Analysis \ Symmetric Encryption (modern) \ Further Algorithms \ RC6…;7) Modern Cryptanalysis
CT1:static:102+JCT:static:161+JCT:static:162+JCT:static:163+JCT:static:164;RIPEMD-160;CT1:X\JCT:A;CT1:X \ Indiv. Procedures \ Hash \ RIPEMD-160 <br /> JCT:A \ Message Digests \ RIPEMD128 (OID: 1.3.36.3.2.2) <br /> JCT:A \ Message Digests \ RIPEMD160 (OID: 1.3.36.3.2.1) <br /> JCT:A \ Message Digests \ RIPEMD256 (OID: 1.3.36.3.2.3) <br /> JCT:A \ Message Digests \ RIPEMD320;3) Hash and MAC Algorithms
CT1:static:103+CTO:static:41+JCT:static:165;Rot-13;CT1:X\CTO:X\JCT:D;CT1:X \ Encrypt \ Decrypt \ Symmetric (classic) \ Caesar \ Rot-13… <br /> CTO:X \ Ciphers \ Caesar \ Rot-13 <br /> JCT:D \ Algorithms \ Classic \ Caesar;1) Classic Ciphers
CT1:static:104+CT1:static:105+JCT:static:166+JCT:static:167+JCT:static:168+JCT:static:169+JCT:static:170+JCT:static:171+JCT:static:172+JCT:static:173+JCT:static:174+JCT:static:175+JCT:static:176+JCT:static:177+JCT:static:178+JCT:static:179+JCT:static:180+JCT:static:181+JCT:static:182+JCT:static:183+JCT:static:184;RSA;CT1:X\JCT:A;CT1:X \ Encrypt \ Decrypt \ Asymmetric \ RSA  <br /> CT1:X \ Indiv. Procedures \ RSA Cryptosystem \  <br /> JCT:A \ Asymmetric Block Ciphers \ RSA (OID: 1.2.840.113549.1.1.1) <br /> JCT:A \ Asymmetric Block Ciphers \ RbRSA (OID: 1.2.840.113549.1.1.7) <br /> JCT:A \ Asymmetric Block Ciphers \ RprimeRSA <br /> JCT:A \ Signatures \ Signatures \ MD5 \ RSA \ RAW <br /> JCT:A \ Signatures \ Signatures \ MD5withRSA (OID: 1.2.840.113549.1.1.4) <br /> JCT:A \ Signatures \ Signatures \ RIPEMD160 \ RSA (OID: 1.3.36.3.3.1.2) <br /> JCT:A \ Signatures \ Signatures \ RIPEMD160 \ RSA \ RAW <br /> JCT:A \ Signatures \ Signatures \ SHA1 \ RSA (OID: 1.2.840.113549.1.1.5) <br /> JCT:A \ Signatures \ Signatures \ SHA1 \ RSA \ RAW <br /> JCT:A \ Signatures \ Signatures \ SHA224 \ RSA (OID: 1.2.840.113549.1.1.14) <br /> JCT:A \ Signatures \ Signatures \ SHA224 \ RSA \ RAW <br /> JCT:A \ Signatures \ Signatures \ SHA256 \ RSA \ RAW <br /> JCT:A \ Signatures \ Signatures \ SHA256withRSA (OID: 1.2.840.113549.1.1.11) <br /> JCT:A \ Signatures \ Signatures \ SHA384 \ RSA \ RAW <br /> JCT:A \ Signatures \ Signatures \ SHA384withRSA (OID: 1.2.840.113549.1.1.12) <br /> JCT:A \ Signatures \ Signatures \ SHA512 \ RSA \ RAW <br /> JCT:A \ Signatures \ Signatures \ SHA512withRSA (OID: 1.2.840.113549.1.1.13) <br /> JCT:A \ Signatures \ RbRSA (OID: 1.2.840.113549.1.1.10) <br /> JCT:A \ Signatures \ RprimeRSA;2) Modern Ciphers
CT1:static:106+CT1:static:107;RSA Attacks;CT1:X;"CT1:X \ Analysis \ Asymmetric Encryption \ Lattice-Based Attacks on RSA... \  <br /> CT1:X \ Analysis \ Asymmetric Encryption \ Side-Channel Attack on ""Textbook RSA""…";7) Modern Cryptanalysis
CT1:static:108+JCT:static:185+JCT:static:186;RSA Visualization;CT1:X\JCT:D;CT1:X \ Indiv. Procedures \ RSA Cryptosystem \  <br /> JCT:D \ Visualizations \ RSA Cryptosystem <br /> JCT:D \ Visualizations \ Extended RSA Cryptosystem;10) Learning Aids and Visualizations
CT1:static:109;RSA-AES;CT1:X;CT1:X \ Encrypt \ Decrypt \ Hybrid \ RSA-AES…;2) Modern Ciphers
CT1:static:110;Runs Test;CT1:X;CT1:X \ Analysis \ Analyze Randomness \ Runs Test…;6) Classic Cryptanalysis
CT1:static:111+CTO:static:43;Scytale;CT1:X\CTO:X;CT1:X \ Encrypt \ Decrypt \ Symmetric (classic) \ Scytale \ Rail Fence… <br /> CTO:X \ Ciphers \ Scytale;1) Classic Ciphers
CT1:static:112;Secude Library Random Number Generator;CT1:X;CT1:X \ Indiv. Procedures \ Tools \ Generate Random Numbers…;5) Random Number Generators
CT1:static:113+CT1:static:114;Secure Email (S/MIME) Visualization;CT1:X;CT1:X \ Indiv. Procedures \ Protocols \ Secure E-Mail with S \ MIME…;10) Learning Aids and Visualizations
CT1:static:115;Serial Test;CT1:X;CT1:X \ Analysis \ Analyze Randomness \ Serial Test…;7) Modern Cryptanalysis
CT1:static:116+JCT:static:190+JCT:static:191+JCT:static:192+JCT:static:193+JCT:static:194+JCT:static:195+JCT:static:196+JCT:static:197+JCT:static:198+JCT:static:199+JCT:static:200+JCT:static:201;Serpent;CT1:X\JCT:A;CT1:X \ Encrypt \ Decrypt \ Symmetric (modern) \ Further Algorithms \ Serpent… <br /> JCT:A \ Block Ciphers \ Block Ciphers \ Serpent128_CBC (OID: 1.3.6.1.4.1.11591.13.2.2) <br /> JCT:A \ Block Ciphers \ Block Ciphers \ Serpent128_CFB (OID: 1.3.6.1.4.1.11591.13.2.4) <br /> JCT:A \ Block Ciphers \ Block Ciphers \ Serpent128_ECB (OID: 1.3.6.1.4.1.11591.13.2.1) <br /> JCT:A \ Block Ciphers \ Block Ciphers \ Serpent128_OFB (OID: 1.3.6.1.4.1.11591.13.2.3) <br /> JCT:A \ Block Ciphers \ Block Ciphers \ Serpent192_CBC (OID: 1.3.6.1.4.1.11591.13.2.22) <br /> JCT:A \ Block Ciphers \ Block Ciphers \ Serpent192_CFB (OID: 1.3.6.1.4.1.11591.13.2.24) <br /> JCT:A \ Block Ciphers \ Block Ciphers \ Serpent192_ECB (OID: 1.3.6.1.4.1.11591.13.2.21) <br /> JCT:A \ Block Ciphers \ Block Ciphers \ Serpent192_OFB (OID: 1.3.6.1.4.1.11591.13.2.23) <br /> JCT:A \ Block Ciphers \ Block Ciphers \ Serpent256_CBC (OID: 1.3.6.1.4.1.11591.13.2.42) <br /> JCT:A \ Block Ciphers \ Block Ciphers \ Serpent256_CFB (OID: 1.3.6.1.4.1.11591.13.2.44) <br /> JCT:A \ Block Ciphers \ Block Ciphers \ Serpent256_ECB (OID: 1.3.6.1.4.1.11591.13.2.41) <br /> JCT:A \ Block Ciphers \ Block Ciphers \ Serpent256_OFB (OID: 1.3.6.1.4.1.11591.13.2.43);2) Modern Ciphers
CT1:static:117;Serpent Brute-Force Attack;CT1:X;CT1:X \ Analysis \ Symmetric Encryption (modern) \ Further Algorithms \ Serpent…;7) Modern Cryptanalysis
CT1:static:118+JCT:static:204;SHA-1;CT1:X\JCT:D;CT1:X \ Indiv. Procedures \ Hash \ SHA-1 <br /> JCT:D \ Message Digests \ SHA1 (OID: 1.3.14.3.2.26);3) Hash and MAC Algorithms
CT1:static:119+JCT:static:206;SHA-256;CT1:X\JCT:D\A;CT1:X \ Indiv. Procedures \ Hash \ SHA-256 <br /> Message Digests \ SHA256 (OID: 2.16.840.1.101.3.4.2.1);3) Hash and MAC Algorithms
CT1:static:120+JCT:static:209;SHA-512;CT1:X\JCT:A;CT1:X \ Indiv. Procedures \ Hash \ SHA-512 <br /> JCT:A \ Message Digests \ SHA512 (OID: 2.16.840.1.101.3.4.2.3);3) Hash and MAC Algorithms
CT1:static:121+CT1:static:122+JCT:static:212+JCT:static:213;Shamir's Secret Sharing Visualization;CT1:X\JCT:D;CT1:X \ Indiv. Procedures \ Secret Sharing Demonstration (Shamir)… <br /> JCT:D \ Visualizations \ Shamir's Secret Sharing <br /> JCT:D \ Visuals \ Shamir's Secret Sharing;10) Learning Aids and Visualizations
CT1:static:123;Solitaire;CT1:X;CT1:X \ Encrypt \ Decrypt \ Symmetric (classic) \ Solitaire…;1) Classic Ciphers
CT1:static:124+CT1:static:125;Solitaire Analysis;CT1:X;CT1:X \ Analysis \ Symmetric Encryption (classic) \ Ciphertext-Only \ Solitaire... <br /> CT1:X \ Analysis \ Symmetric Encryption (classic) \ Manual Analysis \ Solitaire…;6) Classic Cryptanalysis
CT1:static:126+CTO:static:44+JCT:static:219;Substitution;CT1:X\CTO:X\JCT:D;CT1:X \ Encrypt \ Decrypt \ Symmetric (classic) \ Substitution \ Atbash… <br /> CTO:X \ Ciphers \ Monoalphabetic Substitution <br /> JCT:D \ Algorithms \ Classic \ Substitution;1) Classic Ciphers
CT1:static:127+CT1:static:128+JCT:static:220;Substitution Analysis;CT1:X\JCT:D;CT1:X \ Analysis \ Symmetric Encryption (classic) \ Ciphertext-Only \ Substitution... <br /> CT1:X \ Analysis \ Symmetric Encryption (classic) \ Manual Analysis \ Substitution… <br /> JCT:D \ Analysis \ Substitution Analysis;6) Classic Cryptanalysis
CT1:static:129+JCT:static:223;Transposition (Double Column);CT1:X\JCT:D;CT1:X \ Encrypt \ Decrypt \ Symmetric (classic) \ Permutation \ Transposition… <br /> JCT:D \ Algorithms \ Classic \ Transposition;1) Classic Ciphers
CT1:static:130+CTO:static:46+JCT:static:224;Transposition (Single Column);CT1:X\CTO:X\JCT:D;CT1:X \ Encrypt \ Decrypt \ Symmetric (classic) \ Permutation \ Transposition… <br /> CTO:X \ Ciphers \ Transposition <br /> JCT:D \ Algorithms \ Classic \ Transposition;1) Classic Ciphers
CT1:static:131+JCT:static:225;Transposition Analysis;CT1:X\JCT:D;CT1:X \ Analysis \ Symmetric Encryption (classic) \ Known Plaintext \ Single Column Transposition… <br /> JCT:D \ Analysis \ Transposition Analysis;6) Classic Cryptanalysis
CT1:static:132+JCT:static:231;Twofish;CT1:X\JCT:A;CT1:X \ Encrypt \ Decrypt \ Symmetric (modern) \ Further Algorithms \ Twofish… <br /> JCT:A \ Block Ciphers \ Twofish;2) Modern Ciphers
CT1:static:133;Twofish Brute-Force Attack;CT1:X;CT1:X \ Analysis \ Symmetric Encryption (modern) \ Further Algorithms \ Twofish…;7) Modern Cryptanalysis
CT1:static:134;Unzip;CT1:X;CT1:X \ Indiv. Procedures \ Tools \ Compress \ UnZip;9) Codings
CT1:static:135;UU Decode;CT1:X;CT1:X \ Indiv. Procedures \ Tools \ Codes \ UU Encode \ Decode \ UU Decode;9) Codings
CT1:static:136;UU Encode;CT1:X;CT1:X \ Indiv. Procedures \ Tools \ Codes \ UU Encode \ Decode \ UU Encode;9) Codings
CT1:static:137;Verify Signature;CT1:X;CT1:X \ Digital Signatures \ PKI \ Verify Signature…;4) Digital Signatures, PKI
CT1:static:138;Vernam;CT1:X;CT1:X \ Encrypt \ Decrypt \ Symmetric (classic) \ Vernam \ OTP…;1) Classic Ciphers
CT1:static:139;Vernam Analysis;CT1:X;CT1:X \ Analysis \ Symmetric Encryption (classic) \ Ciphertext-Only \ XOR \ Vernam;6) Classic Cryptanalysis
CT1:static:140+CTO:static:48+JCT:static:233;Vigenère;CT1:X\CTO:X\JCT:D;CT1:X \ Encrypt \ Decrypt \ Symmetric (classic) \ Vigenère… <br /> CTO:X \ Ciphers \ Vigenère <br /> JCT:D \ Algorithms \ Classic \ Vigenère;1) Classic Ciphers
CT1:static:141+CT1:static:142+CTO:static:49+JCT:static:234;Vigenère Analysis;CT1:X\CTO:X\JCT:D;CT1:X \ Analysis \ Symmetric Encryption (classic) \ Ciphertext-Only \ Vigenère <br /> CT1:X \ Analysis \ Symmetric Encryption (classic) \ Ciphertext-Only \ Vigenère (Analysis according to Schroedel)… <br /> CTO:X \ Cryptanalysis \ Break Vigenère <br /> JCT:D \ Analysis \ Vigenère Breaker;6) Classic Cryptanalysis
CT1:static:143;Vigenère Visualization;CT1:X;CT1:X \ Indiv. Procedures \ Visualization of Algorithms \ Vigenère…;10) Learning Aids and Visualizations
CT1:static:144;Vitányi Analysis;CT1:X;CT1:X \ Analysis \ Analyze Randomness \ Vitányi;7) Modern Cryptanalysis
CT1:static:145;X^2 (mod N) (PRNG);CT1:X;CT1:X \ Indiv. Procedures \ Tools \ Generate Random Numbers…;5) Random Number Generators
CT1:static:146+JCT:static:240;XOR;CT1:X\JCT:D;CT1:X \ Encrypt \ Decrypt \ Symmetric (classic) \ XOR… <br /> JCT:D \ Algorithms \ Classic \ XOR;1) Classic Ciphers
CT1:static:147;Zip;CT1:X;CT1:X \ Indiv. Procedures \ Tools \ Compress \ Zip;9) Codings
CTO:static:1;ADFGV;CTO:X;CTO:X \ Ciphers \ ADFGVX;1) Classic Ciphers
CTO:static:3;Affine Cipher;CTO:X;CTO:X \ Ciphers \ Multiplicative;1) Classic Ciphers
CTO:static:4;Alberti;CTO:X;CTO:X \ Ciphers \ Alberti;1) Classic Ciphers
CTO:static:5;AMSCO;CTO:X;CTO:X \ Ciphers \ AMSCO;1) Classic Ciphers
CTO:static:6;ASCII;CTO:X;CTO:X \ Codings \ ASCII;9) Codings
CTO:static:8;Autokey Analysis;CTO:X;CTO:X \ Cryptanalysis \ Break Autokey;6) Classic Cryptanalysis
CTO:static:9+JCT:static:17;Autokey Vigenère;CTO:X\JCT:D;CTO:X \ Ciphers \ Autokey <br /> JCT:D \ Algorithms \ Classic \ Autokey Vigenère;1) Classic Ciphers
CTO:static:10;Bacon;CTO:X;CTO:X \ Codings \ Bacon;9) Codings
CTO:static:11;Barcode Generator;CTO:X;CTO:X \ Codings \ Barcode Generator;9) Codings
CTO:static:14;Beaufort;CTO:X;CTO:X \ Ciphers \ Beaufort;1) Classic Ciphers
CTO:static:15+JCT:static:18;Bifid;CTO:X\JCT:D;CTO:X \ Ciphers \ Bifid <br /> JCT:D \ Algorithms \ Classic \ Bifid;1) Classic Ciphers
CTO:static:17;Code 39;CTO:X;CTO:X \ Codings \ Code39;9) Codings
CTO:static:18;Distributed AES Analysis;CTO:X;CTO:X \ Cryptanalysis \ Distributed AES Analysis;7) Modern Cryptanalysis
CTO:static:19;Enigma;CTO:X;CTO:X \ Ciphers \ Enigma;1) Classic Ciphers
CTO:static:20;Four Square;CTO:X;CTO:X \ Ciphers \ Four-Square;1) Classic Ciphers
CTO:static:21;Freemason;CTO:X;CTO:X \ Ciphers \ Freemason;1) Classic Ciphers
CTO:static:23;Gronsfeld;CTO:X;CTO:X \ Ciphers \ Gronsfeld;1) Classic Ciphers
CTO:static:26+JCT:static:112;Huffman;CTO:X\JCT:D;CTO:X \ Codings \ Huffman <br /> JCT:D \ Visualizations \ Huffman Coding;9) Codings
CTO:static:27;Kamasutra;CTO:X;CTO:X \ Ciphers \ Kamasutra;1) Classic Ciphers
CTO:static:28;Larrabee;CTO:X;CTO:X \ Ciphers \ Larrabee;1) Classic Ciphers
CTO:static:29;Morse Code;CTO:X;CTO:X \ Codings \ Morse code;9) Codings
CTO:static:31;Navajo;CTO:X;CTO:X \ Ciphers \ Navajo;1) Classic Ciphers
CTO:static:32;Nihilist;CTO:X;CTO:X \ Ciphers \ Nihilist;1) Classic Ciphers
CTO:static:34;Password Generator;CTO:X;CTO:X \ Highlights \ Password Generator;14) Tools
CTO:static:37;Pollux;CTO:X;CTO:X \ Ciphers \ Pollux;1) Classic Ciphers
CTO:static:38;Polybius;CTO:X;CTO:X \ Ciphers \ Polybius;1) Classic Ciphers
CTO:static:39;Porta;CTO:X;CTO:X \ Ciphers \ Porta;1) Classic Ciphers
CTO:static:42;Rotation;CTO:X;CTO:X \ Ciphers \ Rotation;1) Classic Ciphers
CTO:static:45;Templar;CTO:X;CTO:X \ Ciphers \ Templar;1) Classic Ciphers
CTO:static:47;Trithemius;CTO:X;CTO:X \ Ciphers \ Trithemius;1) Classic Ciphers
JCT:static:15;Android Unlock Pattern (AUP) Visualization;JCT:D;JCT:D \ Visualizations \ Android Unlock Pattern (AUP);10) Learning Aids and Visualizations
JCT:static:16;Ant Colony Optimization Visualization;JCT:D;JCT:D \ Visualizations \ Ant Colony Optimization;10) Learning Aids and Visualizations
JCT:static:19;Blum Blum Shub (B.B.S.) (PRNG);JCT:A;JCT:A \ Pseudo Random Number Generators \ BBSRandom;5) Random Number Generators
JCT:static:21+JCT:static:22+JCT:static:23;Camellia;JCT:A;JCT:A \ Block Ciphers \ Block Ciphers \ Camellia128_CBC (OID: 1.2.392.200011.61.1.1.1.2) <br /> JCT:A \ Block Ciphers \ Block Ciphers \ Camellia192_CBC (OID: 1.2.392.200011.61.1.1.1.3) <br /> JCT:A \ Block Ciphers \ Block Ciphers \ Camellia256_CBC (OID: 1.2.392.200011.61.1.1.1.4);2) Modern Ciphers
JCT:static:24+JCT:static:25+JCT:static:26+JCT:static:27+JCT:static:28+JCT:static:29+JCT:static:30+JCT:static:31+JCT:static:32+JCT:static:33+JCT:static:34+JCT:static:35+JCT:static:36;CBC MACs;JCT:A;JCT:A \ Message Authentication Codes \ Message Authentication Codes \ CBCmacAES128 <br /> JCT:A \ Message Authentication Codes \ Message Authentication Codes \ CBCmacAES192 <br /> JCT:A \ Message Authentication Codes \ Message Authentication Codes \ CBCmacAES256 <br /> JCT:A \ Message Authentication Codes \ Message Authentication Codes \ CBCmacCamellia <br /> JCT:A \ Message Authentication Codes \ Message Authentication Codes \ CBCmacDESede <br /> JCT:A \ Message Authentication Codes \ Message Authentication Codes \ CBCmacIDEA <br /> JCT:A \ Message Authentication Codes \ Message Authentication Codes \ CBCmacMARS <br /> JCT:A \ Message Authentication Codes \ Message Authentication Codes \ CBCmacMisty1 <br /> JCT:A \ Message Authentication Codes \ Message Authentication Codes \ CBCmacRC2 <br /> JCT:A \ Message Authentication Codes \ Message Authentication Codes \ CBCmacRC5 <br /> JCT:A \ Message Authentication Codes \ Message Authentication Codes \ CBCmacRC6 <br /> JCT:A \ Message Authentication Codes \ Message Authentication Codes \ CBCmacSAFER+ <br /> JCT:A \ Message Authentication Codes \ Message Authentication Codes \ ;3) Hash and MAC Algorithms
JCT:static:37;Certificate Verification;JCT:D;JCT:D \ Visualizations \ Certificate Verification;10) Learning Aids and Visualizations
JCT:static:39+JCT:static:40+JCT:static:41+JCT:static:42;Cipher-Based MACs (CMAC);JCT:A;JCT:A \ Message Authentication Codes \ Message Authentication Codes \ CmacAES128 <br /> JCT:A \ Message Authentication Codes \ Message Authentication Codes \ CmacAES192 <br /> JCT:A \ Message Authentication Codes \ Message Authentication Codes \ CmacAES256 <br /> JCT:A \ Message Authentication Codes \ Message Authentication Codes \ CmacDESede;3) Hash and MAC Algorithms
JCT:static:43+JCT:static:44+JCT:static:45+JCT:static:46+JCT:static:47+JCT:static:48+JCT:static:49+JCT:static:50+JCT:static:51+JCT:static:52+JCT:static:53;CMSS;JCT:A;JCT:A \ Signatures \ Signatures \ CMSS (OID: 1.3.6.1.4.1.8301.3.1.3.2.6) <br /> JCT:A \ Signatures \ Signatures \ CMSSwithSHA1andWinternitzOTS_1 (OID: 1.3.6.1.4.1.8301.3.1.3.2.1) <br /> JCT:A \ Signatures \ Signatures \ CMSSwithSHA1andWinternitzOTS_2 (OID: 1.3.6.1.4.1.8301.3.1.3.2.2) <br /> JCT:A \ Signatures \ Signatures \ CMSSwithSHA1andWinternitzOTS_3 (OID: 1.3.6.1.4.1.8301.3.1.3.2.3) <br /> JCT:A \ Signatures \ Signatures \ CMSSwithSHA1andWinternitzOTS_4 (OID: 1.3.6.1.4.1.8301.3.1.3.2.4) <br /> JCT:A \ Signatures \ Signatures \ CMSSwithSHA256andWinternitzOTS_1 (OID: 1.3.6.1.4.1.8301.3.1.3.2.5) <br /> JCT:A \ Signatures \ Signatures \ CMSSwithSHA256andWinternitzOTS_3 (OID: 1.3.6.1.4.1.8301.3.1.3.2.7) <br /> JCT:A \ Signatures \ Signatures \ CMSSwithSHA256andWinternitzOTS_4 (OID: 1.3.6.1.4.1.8301.3.1.3.2.8) <br /> JCT:A \ Signatures \ Signatures \ CMSSwithSHA384andWinternitzOTS_1 (OID: 1.3.6.1.4.1.8301.3.1.3.2.9) <br /> JCT:A \ Signatures \ Signatures \ CMSSwithSHA384andWinternitzOTS_2 (OID: 1.3.6.1.4.1.8301.3.1.3.2.10) <br /> JCT:A \ Signatures \ Signatures \ CMSSwithSHA384andWinternitzOTS_3 (OID: 1.;4) Digital Signatures, PKI
JCT:static:54+JCT:static:55;Coin Flipping Protocol;JCT:C\JCT:T;JCT:C \ Protocols \ Coin Flipping <br /> JCT:T \ Protocols \ Coin Flipping Protocol;10) Learning Aids and Visualizations
JCT:static:56;DHA256;JCT:A;JCT:A \ Message Digests \ DHA256;3) Hash and MAC Algorithms
JCT:static:57;Differential Power Analysis Visualization;JCT:D;JCT:D \ Visualizations \ Differential Power Analysis \ Double and Add;10) Learning Aids and Visualizations
JCT:static:61;Divider Game;JCT:D;JCT:D \ Games \ Divider Game;11) Games
JCT:static:62;Double Box;JCT:D;JCT:D \ Algorithms \ Classic \ Double Box;1) Classic Ciphers
JCT:static:63;Dragon;JCT:D;JCT:D \ Algorithms \ Symmetric \ Dragon;2) Modern Ciphers
JCT:static:71;ECIES;JCT:A;JCT:A \ Hybrid Ciphers \ ECIES;2) Modern Ciphers
JCT:static:73;ElGamal;JCT:A;JCT:A \ Asymmetric Block Ciphers \ ElGamal (OID: 1.3.14.7.2.1.1);2) Modern Ciphers
JCT:static:74;ElGamal Visualization;JCT:D;JCT:D \ Visualizations \ ElGamal Cryptosystem;10) Learning Aids and Visualizations
JCT:static:75;Elliptic Curve (PRNG);JCT:A;JCT:A \ Pseudo Random Number Generators \ ECPRNG;5) Random Number Generators
JCT:static:77+JCT:static:78;Enhanced RSA Crypto System (identities‚ multi-prime);JCT:D;JCT:D \ Visualizations \ RSA Cryptosystem <br /> JCT:D \ Visualizations \ Extended RSA Cryptosystem;2) Modern Ciphers
JCT:static:80;"Extended Euclidian plus the method of mutual ""exhaustion"" (anthyphairesis = continually subtract the smaller from the larger) Visualization";JCT:D;JCT:D \ Visualizations \ Extended Euclidean \ Reciprocal Subtraction;10) Learning Aids and Visualizations
JCT:static:81;Feige Fiat Shamir Visualization;JCT:D;JCT:D \ Visualizations \ Feige Fiat Shamir;10) Learning Aids and Visualizations
JCT:static:82;Fiat Shamir Visualization;JCT:D;JCT:D \ Visualizations \ Fiat Shamir;10) Learning Aids and Visualizations
JCT:static:83;FORK-256;JCT:A;JCT:A \ Message Digests \ FORK256;3) Hash and MAC Algorithms
JCT:static:85;Friedman Test;JCT:D;JCT:D \ Analysis \ Friedman Test;6) Classic Cryptanalysis
JCT:static:86+JCT:static:87+JCT:static:88+JCT:static:89+JCT:static:90;GMSS;JCT:A;JCT:A \ Signatures \ Signatures \ GMSSwithSHA1 (OID: 1.3.6.1.4.1.8301.3.1.3.3.1) <br /> JCT:A \ Signatures \ Signatures \ GMSSwithSHA224 (OID: 1.3.6.1.4.1.8301.3.1.3.3.2) <br /> JCT:A \ Signatures \ Signatures \ GMSSwithSHA256 (OID: 1.3.6.1.4.1.8301.3.1.3.3.3) <br /> JCT:A \ Signatures \ Signatures \ GMSSwithSHA384 (OID: 1.3.6.1.4.1.8301.3.1.3.3.4) <br /> JCT:A \ Signatures \ Signatures \ GMSSwithSHA512 (OID: 1.3.6.1.4.1.8301.3.1.3.3.5);4) Digital Signatures, PKI
JCT:static:91;Graph Isomorphism Visualization;JCT:D;JCT:D \ Visualizations \ Graph Isomorphism;10) Learning Aids and Visualizations
JCT:static:92;Grille Visualization;JCT:D;JCT:D \ Visualizations \ Grille;10) Learning Aids and Visualizations
JCT:static:111;Homomorphic Encryption Visualization;JCT:D;JCT:D \ Visualizations \ Homomorphic Encryption;10) Learning Aids and Visualizations
JCT:static:117;Inner States of the DES Visualization;JCT:D;JCT:D \ Visualizations \ Inner States of the Data Encryption Standard (DES);10) Learning Aids and Visualizations
JCT:static:118+JCT:static:119;IQDSA;JCT:A;JCT:A \ Signatures \ Signatures \ IQDSA (OID: 1.3.6.1.4.1.8301.3.1.1.2) <br /> JCT:A \ Signatures \ Signatures \ RIPEMD160withIQDSA (OID: 1.3.6.1.4.1.8301.3.1.1.3);4) Digital Signatures, PKI
JCT:static:120+JCT:static:121;IQGQ;JCT:A;JCT:A \ Signatures \ Signatures \ IQGQ (OID: 1.3.6.1.4.1.8301.3.1.1.5) <br /> JCT:A \ Signatures \ Signatures \ RIPEMD160withIQDSA (OID: 1.3.6.1.4.1.8301.3.1.1.3);4) Digital Signatures, PKI
JCT:static:122+JCT:static:123;IQRDSA;JCT:A;JCT:A \ Signatures \ Signatures \ IQRDSA (OID: 1.3.6.1.4.1.8301.3.1.1.8) <br /> JCT:A \ Signatures \ Signatures \ RIPEMD160withIQRDSA (OID: 1.3.6.1.4.1.8301.3.1.1.9);4) Digital Signatures, PKI
JCT:static:124;Kleptography Visualization;JCT:D;JCT:D \ Visualizations \ Kleptography;10) Learning Aids and Visualizations
JCT:static:125;Lattice-Based Attacks - Merkle-Hellman;JCT:D;JCT:D \ Visualizations \ Merkle-Hellman Knapsack Cryptosystem;10) Learning Aids and Visualizations
JCT:static:126;LFSR;JCT:D;JCT:D \ Algorithms \ Symmetric \ LFSR;2) Modern Ciphers
JCT:static:127;Magic Door Visualization;JCT:D;JCT:D \ Visualizations \ Magic Door;10) Learning Aids and Visualizations
JCT:static:129;McEliece Fujisaki;JCT:A;JCT:A \ Hybrid Ciphers \ McElieceFujisakiCipher (OID: 1.3.6.1.4.1.8301.3.1.3.4.2.1);2) Modern Ciphers
JCT:static:130;McEliece Kobara Imai;JCT:A;JCT:A \ Hybrid Ciphers \ McElieceKobaraImaiCipher (OID: 1.3.6.1.4.1.8301.3.1.3.4.2.3);2) Modern Ciphers
JCT:static:131;McEliece PKCS;JCT:A;JCT:A \ Asymmetric Block Ciphers \ McEliecePKCS (OID: 1.3.6.1.4.1.8301.3.1.3.4.1);2) Modern Ciphers
JCT:static:132;McEliece Pointcheval;JCT:A;JCT:A \ Hybrid Ciphers \ McEliecePointchevalCipher (OID: 1.3.6.1.4.1.8301.3.1.3.4.2.2);2) Modern Ciphers
JCT:static:135+JCT:static:136+JCT:static:137+JCT:static:138;Merkle OTS;JCT:A;JCT:A \ Signatures \ Signatures \ MerkleOTSwithSHA1 (OID: 1.3.6.1.4.1.8301.3.1.3.1.1.1) <br /> JCT:A \ Signatures \ Signatures \ MerkleOTSwithSHA256 (OID: 1.3.6.1.4.1.8301.3.1.3.1.1.2) <br /> JCT:A \ Signatures \ Signatures \ MerkleOTSwithSHA384 (OID: 1.3.6.1.4.1.8301.3.1.3.1.1.3) <br /> JCT:A \ Signatures \ Signatures \ MerkleOTSwithSHA512 (OID: 1.3.6.1.4.1.8301.3.1.3.1.1.4);4) Digital Signatures, PKI
JCT:static:139;Merkle Signature Scheme (MSS, XMSS, XMSS_XT);JCT:D;JCT:D \ Visualizations \ Merkle Signature Scheme (MerkleTree);10) Learning Aids and Visualizations
JCT:static:140+JCT:static:141;MeRSA;JCT:A;JCT:A \ Asymmetric Block Ciphers \ MeRSA <br /> JCT:A \ Signatures \ MeRSA;2) Modern Ciphers
JCT:static:142;Misty-1 (Kasumi);JCT:A;JCT:A \ Block Ciphers \ Misty1;2) Modern Ciphers
JCT:static:143+JCT:static:144;MpRSA;JCT:D;JCT:D \ Visualizations \ RSA Cryptosystem <br /> JCT:D \ Visualizations \ Extended RSA Cryptosystem;2) Modern Ciphers
JCT:static:145;Multipartite Key Exchange Visualization;JCT:D;JCT:D \ Visualizations \ Multipartite Key Exchange;10) Learning Aids and Visualizations
JCT:static:146;Niederreiter;JCT:A;JCT:A \ Asymmetric Block Ciphers \ Niederreiter;2) Modern Ciphers
JCT:static:147;Niederreiter CFS;JCT:A;JCT:A \ Signatures \ NiederreiterCFS (OID: 1.3.6.1.4.1.8301.3.1.3.4.3.2);4) Digital Signatures, PKI
JCT:static:149+JCT:static:150+JCT:static:151+JCT:static:152+JCT:static:153;PKCS#5;JCT:A;JCT:A \ Password-Based Ciphers \ PBES2 (OID: 1.2.840.113549.1.5.13) <br /> JCT:A \ Password-Based Ciphers \ PbeWithMD5AndDES_CBC (OID: 1.2.840.113549.1.5.3) <br /> JCT:A \ Password-Based Ciphers \ PbeWithSHA1AndDES_CBC (OID: 1.2.840.113549.1.5.10) <br /> JCT:A \ Password-Based Ciphers \ PbeWithSHAAnd3_KeyTripleDES_CBC (OID: 1.2.840.113549.1.12.1.3) <br /> JCT:A \ Password-Based Ciphers \ PbeWithSHAAnd40BitRC2_CBC (OID: 1.2.840.113549.1.12.1.6);3) Hash and MAC Algorithms
JCT:static:155;Public-Key Infrastructure;JCT:D;JCT:D \ Visualizations \ Public-Key Infrastructure;10) Learning Aids and Visualizations
JCT:static:158;RC4 / Spritz;JCT:D;JCT:D \ Visualizations \ ARC4 \ Spritz;10) Learning Aids and Visualizations
JCT:static:159;RC5;JCT:A;JCT:A \ Block Ciphers \ RC5;2) Modern Ciphers
JCT:static:187;RSASSA-PSS;JCT:A;JCT:A \ Algorithms \ Signatures \ RSASSA-PSS;4) Digital Signatures, PKI
JCT:static:188;SAFER+;JCT:A;JCT:A \ Block Ciphers \ SAFER+;2) Modern Ciphers
JCT:static:189;SAFER++;JCT:A;JCT:A \ Block Ciphers \ SAFER++;2) Modern Ciphers
JCT:static:202;SHA;JCT:D;JCT:D \ Algorithms \ Hash \ SHA;3) Hash and MAC Algorithms
JCT:static:203;SHA with DSA;JCT:A;JCT:A \ Signatures \ Signatures \ SHAwithDSA (OID: 1.3.14.3.2.13);4) Digital Signatures, PKI
JCT:static:205;SHA-1 (PRNG);JCT:A;JCT:A \ Pseudo Random Number Generators \ SHA1PRNG;5) Random Number Generators
JCT:static:207;SHA-3 Candidates;JCT:D;JCT:D \ Algorithms \ Hash \ SHA3-Candidates;3) Hash and MAC Algorithms
JCT:static:208;SHA-384;JCT:A;JCT:A \ Message Digests \ SHA384 (OID: 2.16.840.1.101.3.4.2.2);3) Hash and MAC Algorithms
JCT:static:210;Shacal;JCT:A;JCT:A \ Block Ciphers \ Shacal;2) Modern Ciphers
JCT:static:211;Shacal2;JCT:A;JCT:A \ Block Ciphers \ Shacal2;2) Modern Ciphers
JCT:static:214;Signatur Verification;JCT:D;JCT:D \ Visualizations \ Signature Verification;10) Learning Aids and Visualizations
JCT:static:215;Simple Power Analysis Visualization;JCT:D;JCT:D \ Visualizations \ Simple Power Analysis \ Square and Multiply;10) Learning Aids and Visualizations
JCT:static:216;Solving Discrete Logarithm with Babystep-Giantstep;JCT:D;JCT:D \ Visualizations \ Shanks Babystep-Giantstep;10) Learning Aids and Visualizations
JCT:static:217;SSL (MD5 and SHA1 with RSA);JCT:A;JCT:A \ Signatures \ SSL_MD5andSHA1withRSA;4) Digital Signatures, PKI
JCT:static:218;SSL/TLS Handshake;JCT:D;JCT:D \ Visualizations \ SSL \ TLS Handshake;10) Learning Aids and Visualizations
JCT:static:221;Sudoku Solver;JCT:D;JCT:D \ Games \ Sudoku-Solver;11) Games
JCT:static:222;Tiger;JCT:A;JCT:A \ Message Digests \ Tiger (OID: 1.3.6.1.4.1.11591.12.2);3) Hash and MAC Algorithms
JCT:static:226+JCT:static:227+JCT:static:228+JCT:static:229+JCT:static:230;Two-Track MAC;JCT:A;JCT:A \ Message Authentication Codes \ Message Authentication Codes \ TTmac128 <br /> JCT:A \ Message Authentication Codes \ Message Authentication Codes \ TwoTrackMac160 <br /> JCT:A \ Message Authentication Codes \ Message Authentication Codes \ TwoTrackMac32 <br /> JCT:A \ Message Authentication Codes \ Message Authentication Codes \ TwoTrackMac64 <br /> JCT:A \ Message Authentication Codes \ Message Authentication Codes \ TwoTrackMac96;3) Hash and MAC Algorithms
JCT:static:232;Verifiable Secret Sharing (VSS) Visualization;JCT:D;JCT:D \ Visualizations \ Verifiable Secret Sharing;10) Learning Aids and Visualizations
JCT:static:235;Viterbi Analysis;JCT:D;JCT:D \ Analysis \ Viterbi Analysis;6) Classic Cryptanalysis
JCT:static:236;Viterbi Visualization;JCT:D;JCT:D \ Visuals \ Viterbi;10) Learning Aids and Visualizations
JCT:static:237;VSH;JCT:A;JCT:A \ Message Digests \ VSH;3) Hash and MAC Algorithms
JCT:static:238;WOTS/WOTS+;JCT:D;JCT:D \ Visualizations \ WOTS \ WOTS+;10) Learning Aids and Visualizations
JCT:static:239;XML Security;JCT:D;JCT:D \ Algorithms \ XML Security \ ;2) Modern Ciphers
JCT:static:241;Zudo-Ku (Zero-Knowledge Proof);JCT:D;JCT:D \ Games \ Zudo-Ku;11) Games
